keys,en,ru
LANG_RU,Russian,Русский
LANG_EN,English,Английский
BTN_BACK,Back,Назад
HELP_TITLE,Help,Справка
HELP_SUBTITLE,Answers to common questions about the game and note generation.,Ответы на частые вопросы по игре и генерации нот
HELP_SEARCH_PLACEHOLDER,Search help topics…,Поиск по справке…
HELP_SEARCH_EMPTY,No matching topics found.,Ничего не найдено
HELP_SECTION_COUNT,%d questions,%d вопросов
HELP_SELECT_TOPIC,Select a topic on the left.,Выберите вопрос слева
HELP_ESC_HINT,Press Esc to exit,Esc — выход
HELP_FOOTER_HINT,Esc — exit · 1–6 sections · arrow keys — topics,Esc — выход · 1–6 разделы · стрелки — вопросы
SHOP_FOOTER_HINT,Esc — exit · 1–5 categories · ↑↓ scroll,Esc — выход · 1–5 категории · ↑↓ прокрутка
PROFILE_FOOTER_HINT,Esc — exit · 1–4 tabs · Q/W/E chart on Statistics,Esc — выход · 1–4 вкладки · Q/W/E график в статистике
PROFILE_PLAYS,plays,прох.
ACHIEVEMENTS_FOOTER_HINT,Esc — back · / — search,Esc — назад · / — поиск
SETTINGS_FOOTER_HINT,Esc — exit · 1–9 pages,Esc — выход · 1–9 разделы
SETTINGS_FOOTER_APPLY_HINT,Space — apply · Esc — exit · 1–9 pages,Пробел — применить · Esc — выход · 1–9 разделы
DLG_SETTINGS_UNSAVED_TEXT,You have unsaved changes. Save before leaving?,Есть несохранённые изменения. Сохранить перед выходом?
SETTINGS_UNSAVED_DIALOG_TITLE,Settings,Настройки
BTN_DISCARD_CHANGES,Don't save,Не сохранять
GEN_SETTINGS_FOOTER_HINT,Esc — back · 1 instrument · Q/W goal · E/R/T difficulty · A/S/D lanes · Z advanced · Enter confirm,Esc — назад · 1 инструмент · Q/W цель · E/R/T сложность · A/S/D линии · Z расширенные · Enter подтвердить
HELP_RELATED_HEADER,See also,См. также
HELP_SHOWCASE_CHART_DIFFICULTY_TITLE,Chart difficulty (examples),Сложность чарта (примеры)
HELP_SHOWCASE_CHART_DIFFICULTY_BASE_LABEL,Base chart,Базовая сложность чарта
HELP_SHOWCASE_CHART_DIFFICULTY_MODS_LABEL,With run modifiers,С модификаторами забега
HELP_SHOWCASE_CHART_DIFFICULTY_CAPTION,"Rating from note density and chords — often a decimal (e.g. 7.3/10). With modifiers the effective value can exceed 10; bolts cap at 10, overflow shown as +N.N. Color tiers: 1–2 easy → 9–10 extreme.","Рейтинг по плотности нот и аккордам — часто с десятыми (напр. 7,3/10). С модификаторами итоговая оценка может быть выше 10: молнии до 10, сверх лимита — «+N,N». Цвета уровней: 1–2 легко → 9–10 экстрим."
HELP_SHOWCASE_TRACK_MEDALS_TITLE,All track medals (up to 8 per song),Все медали трека (до 8 за песню)
HELP_SHOWCASE_TRACK_MEDALS_CAPTION,Hover a medal for the unlock condition. Unseen medals pulse in the song list until you hover them.,Наведите на медаль — увидите условие. Непросмотренные медали пульсируют в списке песен.
HELP_SHOWCASE_MODIFIERS_TITLE,Run modifiers overview,Обзор модификаторов забега
HELP_SHOWCASE_MODIFIERS_CAPTION,Hover a tile for details. Incompatible mods turn each other off in the modal.,Наведите на плитку — подробности. Несовместимые моды отключают друг друга в окне модификаторов.
HELP_SHOWCASE_MOD_SCREEN_TITLE,Modifier screen sidebar,Боковая панель экрана модификаторов
HELP_SHOWCASE_MOD_SCREEN_CAPTION,Pick a category on the left; cards and details update in the center and right panels.,Слева выберите категорию — карточки и описание обновятся в центре и справа.
HELP_SHOWCASE_MOD_TAB_OVERVIEW_TIP,All categories at a glance and run summary with reward multiplier.,Все категории компактно и сводка забега с множителем награды.
HELP_SHOWCASE_MOD_TAB_EASING_TIP,Half Time No Fail Easy Windows — lower difficulty.,Half Time No Fail Easy — упрощение.
HELP_SHOWCASE_MOD_TAB_HARDENING_TIP,Double Time Heat Rush strict timing visibility lane mods and more.,Ускорение Разгон Рывок строгий тайминг видимость линий и др.
HELP_SHOWCASE_MOD_TAB_SPECIAL_TIP,Fixed speed Time Warp Single Lane Combo Escalation Last Chance and other rule changes.,Фикс. скорость Искажение времени одна линия эскалация по комбо последний шанс и другие правила.
HELP_SHOWCASE_MOD_TAB_DNA_TIP,Rhythm DNA mods — need a .rfd structure file for the track.,Моды Rhythm DNA — нужен файл структуры .rfd у трека.
HELP_SHOWCASE_MOD_DNA_GROUPS_TITLE,DNA tab subcategories,Rhythm DNA: подкатегории
HELP_SHOWCASE_MOD_DNA_STRUCTURE_TIP,Dynamic Lanes — lane count changes by DNA section.,Динамические линии — число линий меняется по секциям Rhythm DNA.
HELP_SHOWCASE_MOD_DNA_PULSE_TIP,Energy Pulse and Energy Balance — song speed or timing windows follow section energy.,Энергетический пульс и Баланс энергии — скорость песни или окна попадания по энергии секций.
HELP_SHOWCASE_MOD_DNA_FOCUS_TIP,Density Focus — faster scroll and tighter visibility on dense sections.,Фокус плотности — быстрее прокрутка и уже видимость на плотных секциях.
HELP_SHOWCASE_MOD_DNA_BEHAVIOR_TIP,Phrase Shift Groove Lock Groove Addiction Adaptive — one virtual rule per section (only one Behavior mod at a time).,Смена фраз / Захват грува / Зависимость от грува / Адаптив — одно правило на секцию (моды поведения по одному).
HELP_SHOWCASE_MOD_CONFLICTS_TITLE,Modifier card states,Состояния карточек модов
HELP_SHOWCASE_MOD_CONFLICTS_CAPTION,Border color shows whether a mod is off selected or would be removed by a conflict.,Цвет рамки показывает: мод выключен выбран или снимется при конфликте.
HELP_SHOWCASE_MOD_CONFLICT_STATES_TITLE,Card borders,Рамки карточек
HELP_SHOWCASE_MOD_CONFLICT_STATE_OFF,Not selected,Не выбран
HELP_SHOWCASE_MOD_CONFLICT_STATE_ON,Selected,Включён
HELP_SHOWCASE_MOD_CONFLICT_STATE_CONFLICT,Removed on conflict,Снимется при конфликте
HELP_SHOWCASE_MOD_CONFLICT_EXAMPLE_TITLE,Example: Half Time + Double Time,Пример: Замедление + Ускорение
HELP_SHOWCASE_MOD_CONFLICT_FOOTER,Enabling an incompatible mod turns off the one already selected.,При включении несовместимого мода уже выбранный снимается.
HELP_SHOWCASE_CHART_FILES_TITLE,Chart file types,Типы файлов чарта
HELP_SHOWCASE_CHART_FILES_CAPTION,Hover a tile for details. Audio and chart data are separate on disk.,Наведите на плитку — подробности. Аудио и данные чарта на диске — разные файлы.
HELP_SHOWCASE_CHART_RF,Chart .rf,Чарт .rf
HELP_SHOWCASE_CHART_RF_TIP,Generated note pattern: instrument mode lanes hits.,Сгенерированный паттерн нот: инструмент режим линии попадания.
HELP_SHOWCASE_CHART_RFD,Rhythm DNA .rfd,Rhythm DNA .rfd
HELP_SHOWCASE_CHART_RFD_TIP,Sidecar with section timeline groove density — powers DNA mods and the track info button.,Sidecar со структурой секций groove плотностью — для DNA-модов и кнопки ℹ на треке.
HELP_SHOWCASE_CHART_AUDIO,Song audio,Аудио песни
HELP_SHOWCASE_CHART_AUDIO_TIP,MP3 OGG WAV in the music library — not the same as .rf.,MP3 OGG WAV в библиотеке — это не .rf.
HELP_SHOWCASE_GENRE_TITLE,Genre mastery cards,Карточки мастерства жанров
HELP_SHOWCASE_GENRE_CAPTION,Example only. In Profile → Genres there are 15 collections tracking your real plays.,Пример. В Профиль → Жанры — 15 коллекций по вашим реальным прохождениям.
HELP_SHOWCASE_GENRE_LOCKED,Locked,Закрыто
HELP_SHOWCASE_GENRE_CELL_TIP,First clear = level 1; +5 clears per level (cap 20). Count shows discovered subgenres.,Первое прохождение = уровень 1; +5 за уровень (до 20). Счётчик — открытые поджанры.
HELP_SHOWCASE_GEN_ADVANCED_TITLE,Advanced generation parameters,Расширенные параметры генерации
HELP_SHOWCASE_GEN_ADVANCED_CAPTION,Same icons as in Generation settings → Advanced. Hover for a short tooltip.,"Те же иконки, что в «Настройки генерации» → «Расширенные». Наведите — краткая подсказка."
HELP_SHOWCASE_GEN_ADVANCED_FOOTER,"Reset style restores defaults for the current chart style. Presets (10 slots) store their own parameter sets.","«Сбросить стиль» возвращает дефолты текущего стиля карты. Пресеты (10 слотов) хранят свой набор параметров отдельно."
HELP_SHOWCASE_SHOP_TITLE,Shop item types,Типы предметов в магазине
HELP_SHOWCASE_SHOP_CAPTION,Cosmetics and sound only — no difficulty bonus.,Только косметика и звук — на сложность не влияют.
HELP_SHOWCASE_SHOP_SKINS,Note skins,Скины нот
HELP_SHOWCASE_SHOP_SKINS_TIP,Changes how notes look on the lanes.,Меняет внешний вид нот на линиях.
HELP_SHOWCASE_SHOP_KICK,Hit sounds,Звуки удара
HELP_SHOWCASE_SHOP_KICK_TIP,Sound on a successful hit; kick cards show a waveform preview.,Звук при попадании; у киков есть превью-волна.
HELP_SHOWCASE_SHOP_COVER,Covers,Обложки
HELP_SHOWCASE_SHOP_COVER_TIP,Fallback artwork when a track has no cover.,Картинка для треков без своей обложки.
HELP_SHOWCASE_SHOP_LANE,Lane highlight,Подсветка линий
HELP_SHOWCASE_SHOP_LANE_TIP,Lane styling and accents.,Оформление подсветки дорожек.
HELP_SHOWCASE_SHOP_PARTICLES,Hit particles,Частицы хита
HELP_SHOWCASE_SHOP_PARTICLES_TIP,Burst on hit; click the preview on the card to test.,Вспышка при попадании; превью — клик по картинке в карточке.
HELP_SHOWCASE_UNLOCK_TITLE,How shop items unlock,Как открывают предметы
HELP_SHOWCASE_UNLOCK_CAPTION,One item can use several methods — the card shows what applies.,"Один предмет может иметь несколько способов — карточка показывает, что подходит."
HELP_SHOWCASE_UNLOCK_CURRENCY,Currency,Валюта
HELP_SHOWCASE_UNLOCK_CURRENCY_TIP,Buy with coins earned in runs and dailies.,Покупка за монеты с забегов и ежедневок.
HELP_SHOWCASE_UNLOCK_ACH,Achievements,Достижения
HELP_SHOWCASE_UNLOCK_ACH_TIP,Free when the achievement condition is met.,Бесплатно при выполнении условия.
HELP_SHOWCASE_UNLOCK_LEVEL,Profile level,Уровень профиля
HELP_SHOWCASE_UNLOCK_LEVEL_TIP,Unlocks at the required player level.,Открывается при нужном уровне.
HELP_SHOWCASE_UNLOCK_DAILY,Daily quests,Ежедневные задания
HELP_SHOWCASE_UNLOCK_DAILY_TIP,Reward for total completed daily quests.,Награда за накопленное число квестов.
HELP_SHOWCASE_UNLOCK_MEDALS,Track medals,Медали треков
HELP_SHOWCASE_UNLOCK_MEDALS_TIP,Threshold by collected medals; medals are not spent.,Порог по собранным медалям; медали не списываются.
HELP_SHOWCASE_XP_TITLE,Experience flow,Как растёт опыт
HELP_SHOWCASE_XP_CAPTION,Clear levels → gain XP → level up → unlock shop items.,Прохождения → опыт → уровень → предметы в магазине.
HELP_SHOWCASE_XP_PLAY,Clear levels,Прохождения
HELP_SHOWCASE_XP_PLAY_TIP,XP from finishing songs.,Опыт за завершённые песни.
HELP_SHOWCASE_XP_GAIN,Gain XP,Опыт
HELP_SHOWCASE_XP_GAIN_TIP,Fills the profile level bar.,Заполняет шкалу уровня профиля.
HELP_SHOWCASE_XP_LEVEL,Level up,Уровень
HELP_SHOWCASE_XP_LEVEL_TIP,Unlocks level-gated shop items (max 100).,Открывает предметы за уровень (макс. 100).
HELP_SHOWCASE_CURRENCY_TITLE,Currency flow,Откуда валюта
HELP_SHOWCASE_CURRENCY_CAPTION,Earn from songs and dailies; spend in the shop.,Зарабатывается в песнях и ежедневках; тратится в магазине.
HELP_SHOWCASE_CUR_SONGS,Song clears,Песни
HELP_SHOWCASE_CUR_SONGS_TIP,Coins from completing tracks.,Монеты за прохождения.
HELP_SHOWCASE_CUR_DAILY,Daily quests,Ежедневки
HELP_SHOWCASE_CUR_DAILY_TIP,Each of the 3 daily tasks pays currency.,Каждое из 3 заданий дня даёт валюту.
HELP_SHOWCASE_CUR_SPEND,Shop,Магазин
HELP_SHOWCASE_CUR_SPEND_TIP,Spend on skins covers lanes kicks and particles.,Трата на скины обложки линии кики и частицы.
HELP_LINKS_HEADER,Useful links,Полезные ссылки
HELP_CALLOUT_TIP,Tip,Совет
HELP_CALLOUT_INFO,Note,Подсказка
HELP_CALLOUT_WARNING,Important,Важно
HELP_LINK_SETTINGS_GENERATION,Open Settings → Generation,Открыть Настройки → Генерация
HELP_LINK_SETTINGS_LIBRARY,Open Settings → Library,Открыть Настройки → Библиотека
HELP_LINK_SETTINGS_SOUND,Open Settings → Audio,Открыть Настройки → Звук
HELP_LINK_SETTINGS_GRAPHICS,Open Settings → Graphics,Открыть Настройки → Графика
SETTINGS_TITLE,Settings,Настройки
SETTINGS_SUBTITLE,"Sound, graphics, controls, and generation","Звук, графика, управление и параметры генерации"
TAB_SOUND,Sound,Звук
TAB_GRAPHICS,Graphics,Графика
TAB_CONTROLS,Controls,Управление
TAB_MISC,Misc,Прочее
SETTINGS_NAV_SOUND,Sound,Звук
SETTINGS_NAV_SOUND_DESC,Volume and audio,Громкость и аудио
SETTINGS_NAV_GRAPHICS,Graphics,Графика
SETTINGS_NAV_GRAPHICS_DESC,Display and performance,Экран и производительность
SETTINGS_NAV_CONTROLS,Controls,Управление
SETTINGS_NAV_CONTROLS_DESC,Keys and layout,Клавиши и раскладка
SETTINGS_NAV_SYSTEM,System,Система
SETTINGS_NAV_SYSTEM_DESC,Language and updates,Язык и обновления
SETTINGS_NAV_GENERATION,Generation,Генерация
SETTINGS_NAV_GENERATION_DESC,Server and generation options,Сервер и параметры генерации
SETTINGS_NAV_EXPERIMENTAL,Experimental,Экспериментальное
SETTINGS_NAV_EXPERIMENTAL_DESC,Split compare and test charts,Сравнение чартов и тестовая генерация
SETTINGS_NAV_LIBRARY,Library,Библиотека
SETTINGS_NAV_LIBRARY_DESC,Folders and scanning,Папки и сканирование
SETTINGS_NAV_DATA,Data,Данные
SETTINGS_NAV_DATA_DESC,Backups and maintenance,Резервные копии и обслуживание
SETTINGS_NAV_DANGER,Danger zone,Опасная зона
SETTINGS_NAV_DANGER_DESC,Reset and delete data,Сброс и удаление данных
SETTINGS_NAV_HOTKEYS_HINT,Keys 1–9 switch sections,Клавиши 1–9 — переключение разделов
EXP_COMPARE_SECTION,Chart compare,Сравнение чартов
EXP_COMPARE_SECTION_HINT,Two charts one song. Tab swaps A/B (default); split mode shows a ghost field on the right.,Два чарта на одну песню. Tab — смена A/B (по умолчанию); split — призрачное поле справа.
EXP_CHART_COMPARE_ENABLE,Enable chart compare in game,Включить сравнение чартов в игре
EXP_CHART_COMPARE_ENABLE_TOOLTIP,Requires a variant chart file (e.g. drums_basic_lanes4_exp.rf). Tab switches charts in hotkey mode.,Нужен variant-файл (например drums_basic_lanes4_exp.rf). Tab переключает чарты в режиме hotkey.
EXP_COMPARE_MODE_LABEL,Compare mode,Режим сравнения
EXP_COMPARE_MODE_HOTKEY,Tab swap (A↔B),Tab — смена A↔B
EXP_COMPARE_MODE_SPLIT,Split screen,Split-screen
EXP_COMPARE_MODE_TOOLTIP,Hotkey: one playfield Tab swaps production and variant. Split: two fields side by side (variant is visual only).,Hotkey: одно поле Tab меняет production и variant. Split: два поля рядом (variant без оценки).
EXP_COMPARE_CHART_A,Chart A (production) — Tab to swap,Чарт A (production) — Tab для смены
EXP_COMPARE_CHART_B,Chart B (%s) — Tab to swap,Чарт B (%s) — Tab для смены
EXP_COMPARE_SPLIT_HINT,Split compare: left scores right is ghost,Split compare: слева оценка справа призрак
EXP_DEBUG_SECTION,Timing & drum debug,Тайминг и drum debug
EXP_DEBUG_SECTION_HINT,Yellow overlay and hit log for tuning judgement windows.,Жёлтый оверлей и лог попаданий для настройки окон судьи.
EXP_TIMING_DEBUG_LOG,Log hits to CSV and console,Лог попаданий в CSV и консоль
EXP_TIMING_DEBUG_LOG_TOOLTIP,Writes user://timing_hit_debug.csv and [TimingDebug] lines each session.,Пишет user://timing_hit_debug.csv и строки [TimingDebug] за сессию.
EXP_TIMING_DEBUG_OVERLAY,Timing debug overlay (yellow),Оверлей отладки тайминга (жёлтый)
EXP_TIMING_DEBUG_OVERLAY_TOOLTIP,Shows signed ms average last hit and music drift on screen.,Показывает signed ms среднее последнее попадание и drift музыки на экране.
EXP_TIMING_DEBUG_AUTOPLAY,Autoplay uses human hit windows,Автоплей с окнами как у игрока
EXP_TIMING_DEBUG_AUTOPLAY_TOOLTIP,Autoplay only hits inside perfect/good windows instead of frame-perfect.,Автоплей бьёт только в окна perfect/good а не по кадру.
EXP_DRUM_CLASS_COLORS,Kick blue / snare green note colors,Кик синий / снейр зелёный на нотах
EXP_DRUM_CLASS_COLORS_TOOLTIP,"DrumNote is only the note shape. Coloring uses the drum field in .rf (kick/snare) after regen; on old charts lane 0=kick and lane 1=snare.","DrumNote — только форма ноты. Цвет по полю drum в .rf после перегенерации; на старых чартах lane 0=kick, lane 1=snare."
EXP_SPLIT_COMPARE_ENABLE,Enable split compare in game,Включить split compare в игре
EXP_SPLIT_COMPARE_ENABLE_TOOLTIP,Requires a chart file with the variant tag (e.g. drums_basic_lanes4_exp.rf).,Нужен файл чарта с тегом (например drums_basic_lanes4_exp.rf).
EXP_VARIANT_TAG_LABEL,Chart tag (suffix),Тег чарта (суффикс)
EXP_VARIANT_TAG_TOOLTIP,Suffix before .rf — usually exp. Production chart is unchanged.,Суффикс перед .rf — обычно exp. Production-чарт не перезаписывается.
EXP_GEN_VARIANT_SECTION,Experimental generation,Экспериментальная генерация
EXP_GEN_VARIANT_SECTION_HINT,Restart the generation server after toggling. Saves to *_tag.rf only.,После смены перезапусти сервер генерации. Сохраняет только в *_тег.rf.
EXP_SAVE_EXPERIMENTAL_CHART,Save experimental chart (not production),Сохранять экспериментальный чарт (не production)
EXP_SAVE_EXPERIMENTAL_CHART_TOOLTIP,Sets RFALL_CHART_VARIANT for the server and writes client charts with the tag suffix.,Включает RFALL_CHART_VARIANT на сервере и пишет чарт с суффиксом на клиенте.
EXP_SHOW_RHYTHM_DNA_BUTTON,Show generation report button (Rhythm DNA),Показывать кнопку «О генерации» (Rhythm DNA)
EXP_SHOW_RHYTHM_DNA_BUTTON_TOOLTIP,Shows the info button next to chart density in the song card. Opens the .rfd sidecar report.,Показывает кнопку «ℹ» рядом с плотностью чарта. Открывает отчёт .rfd.
SETTINGS_SERVER_SECTION_HINT,"Server connection and notifications. Chart presets (fill, groove, mode) are on the song library screen — Generation settings button.","Подключение к серверу и уведомления. Пресеты чарта (fill, groove, режим) — на экране библиотеки, кнопка «Настройки генерации»."
SETTINGS_PARAMS_SECTION_HINT,"Chart readiness icons (what Generate notes queues), regeneration confirm, stem retention, and status display.","Иконки готовности чартов (что ставит в очередь «Сгенерировать ноты»), подтверждение перегенерации, хранение стемов и отображение статуса."
SETTINGS_SCOPE_HINT,"Icons pick which charts count as ready. Generate notes on a song queues every selected instruments × goals × difficulties combo for that song. Bass + Original + Readable alone → one chart; more icons on → those extra variants too. At least one icon must stay on in each row. Tagged presets are not affected.","Иконки задают, какие чарты считаются готовыми. «Сгенерировать ноты» на карточке песни ставит в очередь все комбинации выбранных инструментов × целей × сложностей для этой песни. Только бас + оригинал + читаемая — один чарт; если выбрано больше — генерируются и дополнительные варианты. В каждом ряду хотя бы одна иконка должна остаться включённой. Пресеты с тегом на эту настройку не влияют."
SETTINGS_LANGUAGE_SECTION_HINT,"Switch interface language (Russian / English). Applies after you save settings.","Смена языка интерфейса (русский / английский). Применяется после сохранения настроек."
SETTINGS_UPDATES_SECTION_HINT,"Check for new game versions and optionally scan on startup.","Проверка новых версий игры и опциональный поиск при запуске."
SETTINGS_DISPLAY_SECTION_HINT,"Window mode, resolution, graphics quality, and FPS counter.","Режим окна, разрешение, качество графики и счётчик FPS."
SETTINGS_GAMEPLAY_SECTION_HINT,"Note scroll speed, lane brightness, and approach hints during gameplay.","Скорость прокрутки нот, яркость линий и подсказки приближения в игре."
SETTINGS_VOLUME_SECTION_HINT,"Volume levels for music, effects, hits, metronome, and song previews.","Уровни громкости музыки, эффектов, попаданий, метронома и превью треков."
SETTINGS_CALIBRATION_SECTION_HINT,"Tap lane 0 in time with the metronome to sync notes with audio output.","Тапайте линию 0 в такт метроному, чтобы синхронизировать ноты со звуком."
SETTINGS_CONSOLE_SECTION_HINT,"Developer console (~) for debug commands. Disabled in release builds by default.","Консоль разработчика (~) для отладочных команд. В релизе обычно выключена."
SETTINGS_TOOLS_SECTION_HINT,"Batch cache cleanup and note file removal. Make a backup first.","Пакетная очистка кэша и удаление файлов нот. Сначала сделайте резервную копию."
LIBRARY_SONGS_FOLDER_SECTION_HINT,"Folder scanned for audio files shown in the song library.","Папка со звуковыми файлами для списка песен."
LIBRARY_SCAN_SECTION_HINT,"Rescan the songs folder to pick up new or moved tracks.","Повторное сканирование папки песен для новых или перемещённых треков."
LIBRARY_OPTIONS_SECTION_HINT,"Extra columns and labels in the song list.","Дополнительные колонки и подписи в списке песен."
SETTINGS_DANGER_ACTIONS_HINT,"Reset settings or profile progress, or delete user charts and songs. These actions cannot be undone.","Сброс настроек или прогресса профиля, удаление пользовательских чартов и песен. Действия необратимы."
SETTINGS_HELP_LINK_SERVER,Help: generation server,Справка: сервер генерации
SETTINGS_HELP_LINK_NOTES,Help: where .rf charts are stored,Справка: где лежат чарты .rf
SETTINGS_HELP_SEARCH_SERVER,generation server,сервер генерации
SETTINGS_HELP_SEARCH_NOTES,.rf chart notes,чарты .rf ноты
SETTINGS_HELP_LINK_SCOPE,Help: chart readiness,Справка: готовность чартов
SETTINGS_HELP_SEARCH_SCOPE,chart readiness scope,готовность чартов стили
HELP_LINK_WHY_NOT_READY,Why?,Почему?
HELP_LINK_GEN_PRESETS,Help: generation presets,Справка: пресеты генерации
HELP_LINK_RHYTHM_DNA,What is Rhythm DNA?,Что такое Rhythm DNA?
HELP_LINK_CHART_STYLE,Help: chart style,Справка: стиль чарта
HELP_LINK_PLAY_MODES,Help: play modes,Справка: режимы игры
HELP_LINK_MARATHON_ROUTES,How do routes work?,Как устроены маршруты?
HELP_LINK_AUDIO_TIMING,Help: timing / calibration,Справка: тайминг / калибровка
HELP_LINK_GUITAR_HERO,Help: Guitar Hero controller,Справка: гитарный контроллер
HELP_NUDGE_FIRST_CHART,"Charts ready. Tip: Original vs Arcade change how maps feel — open Help (?).","Чарты готовы. Подсказка: Оригинал и Аркада по-разному читаются — справка (?)."
GFX_QUALITY_TOOLTIP,"Overall visual quality — lower settings can help on weak PCs.","Общее качество картинки — низкие настройки помогают на слабых ПК."
GFX_FPS_MODE_TOOLTIP,"FPS counter in the corner during gameplay. Contrast mode is easier to read on bright backgrounds.","Счётчик FPS в углу во время игры. Контрастный режим лучше читается на ярком фоне."
SOUND_PREVIEW_MODE_TOOLTIP,"Snippet loops the loudest 15 seconds while a track stays selected; Full plays the entire song once.","Фрагмент зацикливает самые громкие 15 секунд пока трек выбран; «Вся песня» — один проход целиком."
SOUND_CALIBRATION_TOOLTIP,"Tap lane 0 key in time with the metronome (20 taps). Esc stops. Result is saved as timing offset.","Тапайте клавишу линии 0 в такт метроному (20 тапов). Esc — остановить. Результат сохраняется как сдвиг тайминга."
CONTROLS_LANE_TOOLTIP,"Key for this lane during gameplay and in audio calibration.","Клавиша этой линии в игре и при калибровке звука."
MISC_DANGER_WARNING,Irreversible actions. Back up your progress before resetting.,Необратимые действия. Сделайте резервную копию перед сбросом.
MISC_INTERFACE,Interface,Интерфейс
MISC_LANGUAGE,Language,Язык
MISC_GENERATION,Generation,Генерация
MISC_SONGS,Songs,Песни
MISC_DATA,Data and reset,Данные и сброс
MAIN_SUBTITLE,Rhythm game with note generation for your tracks,Ритм-игра с генерацией нот под ваши треки
MAIN_PLAY,PLAY,ИГРАТЬ
MAIN_ACHIEVEMENTS,ACHIEVEMENTS,ДОСТИЖЕНИЯ
MAIN_PROFILE,PROFILE,ПРОФИЛЬ
MAIN_SHOP,SHOP,МАГАЗИН
MAIN_SETTINGS,SETTINGS,НАСТРОЙКИ
MAIN_EXIT,EXIT,ВЫЙТИ
MAIN_EXIT_TITLE,Exit,Выход
MAIN_EXIT_TEXT,Are you sure you want to exit the game?,"Вы уверены, что хотите выйти из игры?"
MAIN_DAILY_QUESTS,Daily quests,Ежедневные задания
MAIN_DAILY_RESET,Refreshes in %s,Обновится через %s
MAIN_TAGLINE,Feel the rhythm. Achieve perfection.,Почувствуй ритм. Достигни совершенства.
MAIN_STATISTICS,Statistics,Статистика
MAIN_STAT_TRACKS,Tracks played,Треков сыграно
MAIN_STAT_PERFECT,Perfect hits,Идеальных попаданий
MAIN_STAT_COMBO,Max combo,Макс. комбо
MAIN_STAT_ACCURACY,Accuracy,Точность
MAIN_LAST_TRACK,Last track,Последний трек
MAIN_PLAY_AGAIN,Play again,Играть снова
PLAY_MODES_TITLE,PLAY,ИГРАТЬ
PLAY_MODES_SUBTITLE,Choose a mode,Выберите режим
PLAY_MODES_FOOTER_HINT,1 library · 2 Endless · 3 Marathon · Esc back,1 библиотека · 2 Бесконечный · 3 Марафон · Esc назад
PLAY_MODE_ALWAYS_AVAILABLE,Always available,Всегда доступно
PLAY_MODE_LOCKED,Locked,Заблокировано
PLAY_MODE_LIBRARY_TITLE,Free play,Свободная игра
PLAY_MODE_LIBRARY_DESC,Any track from the library · your mods · full rewards,Любой трек из библиотеки · свои моды · полные награды
PLAY_MODE_LIBRARY_ACTION,Go to library →,Перейти в библиотеку →
PLAY_MODE_LIBRARY_LAST_FMT,Last: %s,Последний: %s
PLAY_MODE_LIBRARY_NO_LAST,No recent track yet,Пока нет недавних треков
PLAY_MODE_ENDLESS_TITLE,Endless,Бесконечный
PLAY_MODE_ENDLESS_DESC,Tracks in a row until you lose · streak · summary at the end,Треки подряд · пока не проиграете · серия · сводка в конце
PLAY_MODE_ENDLESS_ACTION,Start,Начать
PLAY_MODE_ENDLESS_BEST_FMT,Best run: %d tracks,Лучший забег: %d песен
PLAY_MODE_ENDLESS_STREAK_BADGE_HINT,Best Endless streak: %d tracks,Лучшая серия в «Бесконечном»: %d песен
PLAY_MODE_ENDLESS_NO_BEST,No endless runs yet,Пока нет забегов в режиме «Бесконечный»
PLAY_MODE_MARATHON_TITLE,Marathon,Марафон
PLAY_MODE_MARATHON_DESC,Curated playlists from your library,Плейлисты из вашей библиотеки
PLAY_MODE_MARATHON_ACTION,Browse playlists,Каталог плейлистов
PLAY_MODE_MARATHON_PROGRESS_FMT,Playlists: %d / %d open,Плейлисты: %d / %d открыто
PLAY_MODE_UNLOCK_ACTION,Unlock,Открыть
PLAY_MODE_UNLOCK_TITLE,Unlock mode,Открыть режим
PLAY_MODE_UNLOCK_BODY,Unlock %s once every requirement below is met.,"Откройте «%s», когда будут выполнены все условия ниже."
PLAY_MODE_UNLOCK_REQ_FMT,Need: level %d · %d diamonds · %d medals (you: lvl %d · %d diamonds · %d medals),Нужно: ур. %d · %d алмазов · %d медалей (у вас: ур. %d · %d алмазов · %d медалей)
PLAY_MODE_UNLOCK_FREE,Unlock free,Открыть бесплатно
PLAY_MODE_UNLOCK_BUY_FMT,Buy for %d diamonds,Купить за %d алмазов
PLAY_MODE_UNLOCK_FAILED,Could not unlock this mode yet.,Не удалось открыть режим.
PLAY_MODE_UNLOCK_ANY_OF,Unlock with any one of:,Открыть одним из способов:
PLAY_MODE_UNLOCK_ALL_REQUIRED,All requirements must be met:,Нужно выполнить все условия:
PLAY_MODE_REQ_LEVEL_FMT,Level %d · you have %d,Уровень %d · у вас %d
PLAY_MODE_REQ_DIAMONDS_FMT,%d diamonds · you have %d,%d алмазов · у вас %d
PLAY_MODE_REQ_MEDALS_FMT,%d medals · you have %d,%d медалей · у вас %d
PLAY_MODE_COMING_SOON_TITLE,Coming soon,Скоро
PLAY_MODE_COMING_SOON_BODY,%s is unlocked but gameplay is not ready in this build yet.,«%s» открыт — геймплей режима появится в следующих обновлениях.
PLAY_MODE_ZONE_LAST_TRACK,Last track,Последний трек
PLAY_MODE_ZONE_YOUR_STATS,Your progress,Ваш прогресс
PLAY_MODE_ZONE_BEST_RR_FMT,Best RR +%d,Лучший RR +%d
PLAY_MODE_ZONE_SONGS_PLAYED_FMT,Songs played: %s,Песен сыграно: %s
PLAY_MODE_ZONE_BEST_RUN,Best run,Лучший забег
PLAY_MODE_ENDLESS_BEST_VALUE_FMT,%d tracks,%d песен
PLAY_MODE_ZONE_AVG_ACCURACY,Average accuracy,Средняя точность
PLAY_MODE_ZONE_LAST_STREAK,Last streak,Последняя серия
PLAY_MODE_ZONE_MODS,Mods,Моды
PLAY_MODE_ENDLESS_MODS_PREVIEW,Random mods · 2–3,Случайные моды · 2–3
PLAY_MODE_PLACEHOLDER_DASH,—,—
PLAY_MODE_ZONE_COURSES,Courses,Курсы
PLAY_MODE_MARATHON_COURSES_FMT,%d / %d,%d / %d
PLAY_MODE_ZONE_PLAYLISTS,Playlists,Плейлисты
PLAY_MODE_MARATHON_PLAYLISTS_FMT,%d / %d,%d / %d
PLAY_MODE_MARATHON_PLAYLISTS_TEASER,From your library,Из вашей библиотеки
PLAY_MODE_ZONE_BEST_ROUTE,Best playlist,Лучший маршрут
PLAY_MODE_ZONE_BEST_COURSE,Best course,Лучший курс
PLAY_MODE_ZONE_TOTAL_COMPLETED,Total completed,Всего пройдено
PLAY_MODE_ZONE_FEATURES,Features,Особенности
PLAY_MODE_ENDLESS_FEATURE_STREAK,Non-stop streak,Серия без пауз
PLAY_MODE_ENDLESS_FEATURE_MODS,Random modifiers,Случайные модификаторы
PLAY_MODE_ENDLESS_FEATURE_RR,RR bonus for streaks,Бонус RR за серию
PLAY_MODE_ENDLESS_FEATURE_REWARDS,XP and coins for clears,Опыт и монеты за прохождения
PLAY_MODE_ZONE_AFTER_UNLOCK,After unlock,После разблокировки
PLAY_MODE_ENDLESS_PREVIEW_STREAK,Endless track series,Бесконечная серия треков
PLAY_MODE_ENDLESS_PREVIEW_STATS,Separate statistics,Отдельная статистика
PLAY_MODE_ENDLESS_PREVIEW_ACH,Unique achievements,Уникальные достижения
PLAY_MODE_ZONE_COURSES_AVAILABLE,Courses available,Доступно курсов
PLAY_MODE_ZONE_PLAYLISTS_AVAILABLE,Playlists available,Доступно плейлистов
PLAY_MODE_ZONE_LONGEST,Longest route,Самый длинный
PLAY_MODE_MARATHON_LONGEST_PREVIEW,up to 45 min,до 45 мин
PLAY_MODE_MARATHON_FEATURE_ROUTES,Auto playlists by genre from your library,Плейлисты по жанрам из вашей библиотеки
PLAY_MODE_MARATHON_FEATURE_PROGRESS,Route progress and medals,Прогресс маршрутов и медали
PLAY_MODE_MARATHON_FEATURE_REWARDS,Completion rewards,Награды за прохождение
PLAY_MODE_UNLOCK_READY,All requirements met,Все условия выполнены
PLAY_MODE_HINT_ANY_TRACK,Any track,Любой трек
PLAY_MODE_HINT_OWN_MODS,Your mods,Свои моды
PLAY_MODE_HINT_FULL_REWARDS,Full rewards,Полные награды
PLAY_MODE_ENDLESS_HINT_STREAK,Until first miss,До первого промаха
PLAY_MODE_ENDLESS_HINT_RANDOM,Random track order,Случайный порядок треков
PLAY_MODE_ENDLESS_HINT_RR,Streak RR bonus,Бонус RR за серию
PLAY_MODE_ENDLESS_HINT_REWARDS,XP and coins,Опыт и монеты
SESSION_SETUP_TITLE,Endless mode,Бесконечный режим
SESSION_SETUP_SUBTITLE,Configure your endless series,Настройка бесконечной серии
SESSION_SETUP_FOOTER_HINT,1 library · 2 playlists · 3 selected · Enter start · Esc back,1 библиотека · 2 плейлисты · 3 выбранные · Enter старт · Esc назад
SESSION_SETUP_SECTION_TRACKS,1. Tracks,1. Треки
SESSION_SETUP_TRACK_SOURCE,How to build the series,Как собрать серию
SESSION_SETUP_DIFFICULTY,Chart difficulty (base rating),Сложность чарта (базовый рейтинг)
SESSION_SETUP_DIFF_MIN,From,От
SESSION_SETUP_DIFF_MAX,To,До
SESSION_SETUP_DIFF_MAX_OVER_CAP,10+,10+
SESSION_SETUP_DURATION,Track duration,Длительность трека
SESSION_SETUP_DURATION_HINT,Only charts whose track length falls in this range can appear in the series,В серию попадут только треки с длительностью в этом диапазоне
SESSION_SETUP_DURATION_MAX_OPEN_HINT,No upper limit on track length — long songs stay in the pool,Без верхней границы длительности — длинные треки остаются в пуле
SESSION_SETUP_DIFF_MAX_OVER_CAP_HINT,Include charts rated above 10★ in the difficulty filter,Включить в фильтр чарты с рейтингом выше 10★
SESSION_SETUP_GENRE_POLICY_HINT,Limit random picks by genre groups or allow all genres,Ограничить случайный выбор группами жанров или разрешить все жанры
SESSION_SETUP_GEN_MODE_POLICY_HINT,Which chart intents (Original / Groove / Sparse / …) can be picked for each track,Какие назначения генерации (Как в оригинале / Качает / Редко / …) могут выпасть на каждый трек
SESSION_SETUP_MOD_POOL_HINT,Tap icons to include or exclude modifiers from the random pool (minimum 3 active),Нажмите иконки чтобы включить или исключить моды из пула (минимум 3 активных)
SESSION_SETUP_MOD_COUNT_HINT,How many random modifiers are rolled before each track in the series,Сколько случайных модов выпадает перед каждым треком серии
SESSION_SETUP_MOD_COUNT_VALUE_HINT,%d modifiers per track,%d модов на трек
SESSION_SETUP_MOD_PICK_CAPTION_HINT,What to do when rolled modifiers conflict with each other (Hidden + Memory etc.),Что делать если выпавшие моды конфликтуют (Hidden + Memory и т.д.)
SESSION_SETUP_POOL_AFTER_HINT,After the selected playlist is cleared: reshuffle it or expand to random tracks from filters,После прохождения плейлиста: перемешать снова или перейти к случайным трекам по фильтрам
SESSION_SETUP_DURATION_MAX_OPEN,6:00+,6:00+
SESSION_SETUP_PREVIEW_DURATION_FMT,Track duration: %s – %s,Длительность трека: %s – %s
SESSION_SETUP_GEN_MODE_POLICY,Generation intents,Назначения генерации
SESSION_SETUP_GEN_MODE_ALL,All intents,Все назначения
SESSION_SETUP_GEN_MODE_SELECTED,Selected only,Только выбранные
SESSION_SETUP_GEN_MODE_NONE,No intents selected,Назначения не выбраны
SESSION_SETUP_PREVIEW_GEN_MODES_FMT,Generation: %s,Генерация: %s
SESSION_SETUP_DIFFICULTY_HINT,"Base chart rating is 1–10★. Enable 10+ to include charts above 10★. Unlike Marathon (fixed route), Endless keeps going until you fail. Modifiers can raise effective difficulty up to 20★ + during a run.","Базовый рейтинг чарта — 1–10★. Включите 10+, чтобы брать чарты выше 10★. В отличие от «Марафона» (фиксированный маршрут), «Бесконечный» идёт до поражения. Моды могут поднять эффективную сложность до 20★ + в забеге."
SESSION_SETUP_PREVIEW_DIFFICULTY_FMT,Chart difficulty: %s – %s,Сложность чарта: %s – %s
SESSION_SETUP_SOURCE_RANDOM,Random,Случайные
SESSION_SETUP_SOURCE_RANDOM_DESC,Play random tracks from your library until you fail,Случайные треки из библиотеки — серия до поражения
SESSION_SETUP_SOURCE_LIBRARY,Library,Библиотека
SESSION_SETUP_SOURCE_LIBRARY_DESC,Random tracks from your whole library until you fail,Случайные треки из всей библиотеки — серия до поражения
SESSION_SETUP_SOURCE_GENRE,By genre,По жанрам
SESSION_SETUP_SOURCE_GENRE_DESC,Pick genre groups — series loops within them until you fail,Выберите группы жанров — серия крутится внутри них до поражения
SESSION_SETUP_SOURCE_PLAYLISTS,Playlists,Плейлисты
SESSION_SETUP_SOURCE_PLAYLISTS_DESC,Loop a saved playlist until you fail — tap Choose playlist below or use Favorites,Крутит сохранённый плейлист до поражения — «Выбрать плейлист» ниже или «Избранное»
SESSION_SETUP_SOURCE_SELECTED,Selected,Выбранные
SESSION_SETUP_SOURCE_SELECTED_DESC,"Build your own track pool in the picker — series still runs until you fail (no course finish)","Соберите свой пул в пикере — серия до поражения, без финиша курса"
SESSION_SETUP_RANDOM_FAVORITES,Favorites only,Только избранное
SESSION_SETUP_RANDOM_FAVORITES_HINT,Random source draws only from tracks starred as favorites in the library,При случайном источнике берутся только треки со звездочкой в библиотеке
SESSION_SETUP_RANDOM_FAVORITES_SHORT,favorites only,только избранное
SESSION_SETUP_SECTION_MODS,2. Modifiers,2. Модификаторы
SESSION_SETUP_SECTION_GEN,3. Chart generation,3. Генерация чартов
SESSION_SETUP_SECTION_CHART_STYLE,3. Chart style,3. Стиль чартов
SESSION_CHART_STYLE_TITLE,Chart style,Стиль чартов
SESSION_CHART_STYLE_ALL,All styles,Все стили
SESSION_CHART_STYLE_SELECTED,Selected only,Только выбранные
SESSION_CHART_DIFFICULTY_TIER_CAPTION,Chart difficulty tiers,Уровни сложности
SESSION_CHART_DIFFICULTY_ALL,All in range,Весь диапазон
SESSION_CHART_DIFFICULTY_SELECTED,Selected tiers,Выбранные уровни
SESSION_CHART_DIFFICULTY_NONE,No tiers selected,Уровни не выбраны
SESSION_CHART_DIFFICULTY_EASY,Easy,Лёгкая
SESSION_CHART_DIFFICULTY_MEDIUM,Medium,Средняя
SESSION_CHART_DIFFICULTY_HARD,Hard,Сложная
SESSION_SETUP_PREVIEW_CHART_STYLE_FMT,Chart style: %s,Стиль чартов: %s
SESSION_SETUP_RANGE_FROM,From,От
SESSION_SETUP_RANGE_TO,To,До
SESSION_SETUP_GENRE_GROUPS_COUNT_FMT,Selected: %d / %d,Выбрано: %d / %d
SESSION_SETUP_GENRE_GROUP_SELECTED_TIP,Selected for random pool,Выбрано для случайного пула
SESSION_SETUP_PREVIEW_SCOPE_HERO_SUB,Matching charts in pool,Подходящих чартов в пуле
SESSION_SETUP_START_BLOCK_HINT,Cannot start:,Нельзя начать:
SESSION_SETUP_START_BLOCK_FAVORITES,No favorite tracks (%d),Нет избранных треков (%d)
SESSION_SETUP_START_BLOCK_SCOPE,No charts match current filters,Нет чартов по текущим фильтрам
SESSION_SETUP_START_BLOCK_GENRE,Select at least one genre group (%d selected),Выберите хотя бы одну группу жанров (выбрано: %d)
SESSION_SETUP_START_BLOCK_MODS,Not enough modifiers in pool (%d active),Недостаточно модов в пуле (активно: %d)
SESSION_SETUP_START_BLOCK_TRACKS,Need at least %d tracks (%d selected),Нужно минимум %d трека (выбрано %d)
SESSION_SETUP_MOD_POLICY_NONE,No mods,Без модов
SESSION_SETUP_MOD_POLICY_RANDOM,Random pool,Случайные моды
SESSION_SETUP_MOD_POLICY_FIXED,Fixed set,Фиксированный набор
SESSION_SETUP_MOD_POLICY_FIXED_HINT,Same modifiers on every track for the whole series,Один набор модов на каждый трек всей серии
SESSION_SETUP_MOD_POOL_FIXED,Modifiers for the whole run,Моды на весь забег
SESSION_SETUP_SELECTED_TRACKS_HINT,Open track picker,Открыть выбор треков
SESSION_SETUP_PREVIEW_MODS_FIXED_FMT,Fixed · %d mods,Фикс. · %d модов
SESSION_SETUP_MOD_PRESET_HINT,Fixed modifier preset for the whole run — set in Modifiers screen,Фиксированный пресет модов на всю серию — настраивается в экране модификаторов
SESSION_SETUP_MOD_PRESET_EMPTY_HINT,Save a modifier preset in the Modifiers screen first,Сначала сохраните пресет модов в экране модификаторов
SESSION_SETUP_MOD_PRESET_EMPTY_TITLE,No modifier preset,Нет пресета модов
SESSION_SETUP_MOD_PRESET_ACTIVE_FMT,Preset: %s,Пресет: %s
SESSION_SETUP_PREVIEW_MODS_PRESET_FMT,Preset · %s,Пресет · %s
SESSION_SETUP_SCOPE_EMPTY,No tracks match the current filters,По фильтрам нет подходящих треков
SESSION_SETUP_MOD_POOL,Tap icons for the pool (min. 3 active),Нажмите иконки · в пуле мин. 3
SESSION_SETUP_MOD_POOL_COUNT_FMT,%d / %d in pool,%d / %d в пуле
SESSION_SETUP_MOD_COUNT,Mods per track:,Модов на трек:
SESSION_SETUP_MOD_PICK_CAPTION,If mods conflict:,При конфликте модов:
SESSION_SETUP_MOD_PICK_RESAMPLE,Reshuffle,Перемешивание
SESSION_SETUP_MOD_PICK_FILL,Guaranteed count,Гарантия числа
SESSION_SETUP_MOD_PICK_RANDOM,Strict random,Строгая случайность
SESSION_SETUP_MOD_PICK_RESAMPLE_HINT,"Pick N random mods from the pool. If they conflict, shuffle and try again (up to 12 times). If still short, fill the rest compatibly.","Берём N случайных модов из пула. Если есть конфликт — перемешиваем и пробуем снова (до 12 раз). Если всё ещё не хватает — добираем совместимые."
SESSION_SETUP_MOD_PICK_FILL_HINT,"Always deliver the chosen count: walk the shuffled pool and skip mods that would conflict.","Всегда выдаём выбранное число: идём по перемешанному пулу и пропускаем несовместимые моды."
SESSION_SETUP_MOD_PICK_RANDOM_HINT,"Take N random mods once; conflicting ones are removed — the count may be lower.","Один случайный набор из N модов; конфликтующие срезаются — итоговое число может быть меньше."
SESSION_SETUP_MOD_HOVER_HINT,Hover a mod icon for name and conflicts.,Наведите на иконку — название и конфликты.
SESSION_SETUP_PREVIEW_MODS_FMT,Modifiers: %s,Модификаторы: %s
SESSION_SETUP_PREVIEW_MODS_RANDOM_FMT,Random pool · %d mods · %d per track,Случайный пул · %d модов · %d на трек
SESSION_SETUP_PREVIEW_TITLE,Session summary,Сводка сессии
SESSION_SETUP_PREVIEW_SOURCE,Source: %s,Источник: %s
SESSION_SETUP_PREVIEW_FAVORITES_FMT,Favorites in library: %d,Избранных в библиотеке: %d
SESSION_SETUP_START,Start series,Начать серию
ENDLESS_TRACK_CLEARED_FMT,Track cleared · %d,Трек пройден · %d
ENDLESS_SONG_NUMBER_FMT,Song %d,Песня %d
SESSION_SETUP_UNIQUE_SONGS,Each song once per round,Каждая песня один раз за круг
SESSION_SETUP_UNIQUE_SONGS_HINT,"While this is on: each song appears at most once until every song from the pool has been played. Then a new round starts and songs can appear again.","Пока включено: каждая песня из пула встречается не чаще одного раза, пока не сыграют все. Потом начинается новый круг — и песни снова могут выпасть."
SESSION_SETUP_HP_RECOVERY,HP recovery between tracks,Восстановление HP между треками
SESSION_SETUP_HP_RECOVERY_HINT,How much of the health bar is restored after each cleared track (0% keeps current HP),Сколько шкалы HP восстанавливается после каждого пройденного трека (0% — без лечения)
SESSION_SETUP_PREVIEW_HP_RECOVERY_FMT,HP recovery: %s,Восстановление HP: %s
SESSION_SETUP_PREVIEW_UNIQUE_SONGS_SHORT,no repeats this round,без повторов в круге
SESSION_SETUP_TRACK_FILTERS_TITLE,Track filters,Фильтры треков
SESSION_SETUP_TRACK_FILTERS_TITLE_HINT,Limit which charts can be picked at random,Ограничения для случайного выбора чартов
SESSION_SETUP_TRACK_FILTERS_EXPAND,Show filters,Показать фильтры
SESSION_SETUP_TRACK_FILTERS_COLLAPSE,Hide filters,Скрыть фильтры
SESSION_SETUP_FILTER_CHIP_GENRE,Genre,Жанры
SESSION_SETUP_FILTER_CHIP_INSTRUMENT,Instrument,Инструмент
SESSION_SETUP_FILTER_CHIP_INSTRUMENT_HINT,Instrument pool for random picks — one or both,Пул инструментов для случайного выбора — один или оба
SESSION_SETUP_FILTER_CHIP_DIFFICULTY,Difficulty,Сложность
SESSION_SETUP_FILTER_CHIP_DURATION,Duration,Длительность
SESSION_SETUP_PREVIEW_MODE_BLURB,Endless runs until you fail. Settings below shape the random chart pool and modifiers per track.,Бесконечная серия идёт до поражения. Настройки ниже задают пул чартов и модификаторы на каждый трек.
SESSION_SETUP_PREVIEW_FAVORITES_ON,Favorites only,Только избранное
SESSION_SETUP_PREVIEW_FAVORITES_OFF,All library,Вся библиотека
SESSION_SETUP_PREVIEW_UNIQUE_ON,No song repeats,Без повторов песен
SESSION_SETUP_PREVIEW_UNIQUE_OFF,Songs may repeat,Песни могут повторяться
ENDLESS_EXIT_AFTER_TRACK,Series ends after this track,Серия завершится после этого трека
ENDLESS_PAUSE_END_SERIES,FINISH AFTER THIS TRACK,ЗАВЕРШИТЬ ПОСЛЕ ЭТОЙ ПЕСНИ
ENDLESS_PAUSE_EXIT_AFTER_TRACK,Exit after this track,Выйти после трека
ENDLESS_SUMMARY_TITLE,Endless run,Бесконечная серия
ENDLESS_SUMMARY_SUBTITLE_DEFEAT,Run ended,Серия завершена
ENDLESS_SUMMARY_SUBTITLE_EXIT,Run ended after your request,Серия завершена по вашему запросу
ENDLESS_SUMMARY_SUBTITLE_COMPLETE,Run ended — no more matching tracks,Серия завершена — нет подходящих треков
ENDLESS_SUMMARY_SUBTITLE_POOL,Run ended — selected playlist completed,Серия завершена — плейлист пройден
ENDLESS_SUMMARY_RR_FMT,Series RR: %d,RR серии: %d
ENDLESS_SUMMARY_NEW_BEST_RR_FMT,New best series RR: %d!,Новый рекорд RR серии: %d!
ENDLESS_PAUSE_STREAK_FMT,Current streak: %d,Текущая серия: %d
ENDLESS_PAUSE_XP_FMT,Pending XP: +%d,Накоплено XP: +%d
ENDLESS_PAUSE_RR_FMT,Series RR so far: %d,RR серии: %d
ENDLESS_PAUSE_SELECTED_REMAINING_FMT,Tracks left in playlist: %d / %d,Осталось в плейлисте: %d / %d
ENDLESS_PAUSE_SELECTED_EXPANDED,Playlist done · random tracks from scope,Плейлист пройден · случайные треки из выборки
ENDLESS_POOL_LAP_START_FMT,Round %d,Круг %d
ENDLESS_POOL_LAP_INTER_FMT,Round %d · playlist reshuffled,Круг %d · плейлист перемешан
ENDLESS_PAUSE_POOL_LAP_FMT,Round %d,Круг %d
PLAYLIST_FAVORITES_TITLE,Favorites,Избранное
PLAYLIST_DEFAULT_NAME,New playlist,Новый плейлист
SESSION_SETUP_PLAYLIST_CAPTION,Playlist,Плейлист
SESSION_SETUP_PLAYLIST_EDIT,Edit tracks,Изменить треки
SESSION_SETUP_PLAYLIST_NEW,New,Новый
SESSION_SETUP_PLAYLIST_NEW_ITEM,+ New playlist,+ Новый плейлист
SESSION_SETUP_PLAYLIST_COUNT_FMT,%d tracks in playlist,%d треков в плейлисте
SESSION_SETUP_PLAYLIST_PICK,Choose playlist,Выбрать плейлист
SESSION_SETUP_PLAYLIST_MANAGE,Manage playlists,Управление плейлистами
SESSION_SETUP_PLAYLIST_SUMMARY_FMT,%s · %d tracks · %s · avg %s,%s · %d треков · %s · ср. %s
SESSION_SETUP_PLAYLIST_NONE,No playlist selected,Плейлист не выбран
SESSION_SETUP_PLAYLIST_PICK_HINT,"Tap Choose playlist to open the list, then Use on a playlist. Create or edit playlists from Playlists in the library top bar.","Нажмите «Выбрать плейлист», затем «Выбрать» у нужного списка. Создать или изменить плейлисты — кнопка «Плейлисты» вверху библиотеки."
SESSION_SETUP_PLAYLIST_MANAGE_HINT,Open playlist hub to create edit or delete playlists,Открыть список плейлистов: создать изменить или удалить
SESSION_SETUP_PLAYLIST_FAVORITES_HINT,Favorites are managed with the star icon in the library,Избранное настраивается звездочкой в библиотеке
SESSION_SETUP_PLAYLIST_EDIT_HINT,Pick tracks for this playlist,Выберите треки для плейлиста
SESSION_SETUP_PREVIEW_PLAYLIST_FMT,%s · %d tracks,%s · %d треков
PLAYLIST_HUB_TITLE,Playlists,Плейлисты
PLAYLIST_HUB_SUBTITLE,Create and edit your playlists,Создавайте и редактируйте плейлисты
PLAYLIST_HUB_PICK_SUBTITLE,Tap Use on a playlist for this run,Нажмите «Выбрать» у плейлиста для забега
SONG_SELECT_PLAYLISTS_TOOLTIP,"Open a playlist to browse its tracks in the library — create and edit playlists here too.","Откройте плейлист, чтобы смотреть его треки в библиотеке. Здесь же можно создавать и править списки."
SONG_SELECT_PLAYLIST_BROWSE_ACTIVE_FMT,Playlist: %s,Плейлист: %s
SONG_SELECT_PLAYLIST_BROWSE_CLEAR,Show all tracks,Показать все треки
PLAYLIST_HUB_BROWSE_SUBTITLE,Tap Browse to filter the library by a playlist,"Нажмите «Открыть», чтобы смотреть треки плейлиста в библиотеке"
PLAYLIST_HUB_BROWSE,Open,Открыть
GFX_PAUSE_RESUME_REWIND,Rewind 3 s with animation after unpause,Отмотка на 3 с с анимацией после паузы
GFX_PAUSE_RESUME_REWIND_TOOLTIP,"When enabled resuming from pause rewinds a few seconds with a visual cue. When off playback continues exactly where you paused.","Если включено — после снятия паузы отматывает на несколько секунд с подсказкой. Если выкл. — продолжает с того же места."
PLAYLIST_HUB_CREATE,Create playlist,Создать плейлист
PLAYLIST_HUB_EMPTY,No playlists yet. Tap Create to add one.,Плейлистов пока нет. Нажмите «Создать».
PLAYLIST_HUB_EDIT,Edit,Изменить
PLAYLIST_HUB_DELETE,Delete,Удалить
PLAYLIST_HUB_USE,Use,Выбрать
PLAYLIST_HUB_CARD_STATS_FMT,%d tracks · %s · avg %s,%d треков · %s · ср. %s
PLAYLIST_EDITOR_SEARCH,Search library…,Поиск в библиотеке…
PLAYLIST_EDITOR_FILTER,Filter,Фильтр
PLAYLIST_EDITOR_DONE,Done,Готово
PLAYLIST_EDITOR_STATS_FMT,%d tracks · %s · avg %s,%d треков · %s · ср. %s
PLAYLIST_EDITOR_SELECTED_FMT,%d selected,%d выбрано
PLAYLIST_EDITOR_FILTER_SUMMARY_FMT,Display: %s,Режим: %s
PLAYLIST_EDITOR_FILTER_SUMMARY_FULL_FMT,%s · %s · %s · %s,%s · %s · %s · %s
PLAYLIST_EDITOR_FILTER_DIFFS_FMT,%d difficulties,%d сложности
PLAYLIST_EDITOR_FILTER_ALL_CHARTS,including not-ready charts,включая неготовые чарты
PLAYLIST_EDITOR_NAME_PLACEHOLDER,Playlist name,Название плейлиста
PLAYLIST_EDITOR_LIST_EMPTY,No tracks match this filter. Try Filter or turn off “ready charts only”.,Нет треков по фильтру. Откройте «Фильтр» или отключите «только готовые чарты».
PLAYLIST_TAG_NOTES_READY,Ready charts only,Только готовые чарты
PLAYLIST_TAG_AVG_RATING_FMT,~%s ★,~%s ★
PLAYLIST_TAG_AVG_BPM_FMT,~%d BPM,~%d BPM
PLAYLIST_TAG_DOMINANT_FMT,%s · %s,%s · %s
PLAYLIST_EDITOR_CHARTS_TITLE,Charts for this track,Чарты для трека
PLAYLIST_FILTER_TITLE,Playlist view filter,Фильтр отображения
PLAYLIST_FILTER_DISPLAY_MODE,Display mode,Режим отображения
PLAYLIST_FILTER_MODE_FILTERED,Filtered charts,Подходящие чарты
PLAYLIST_FILTER_MODE_ALL,All charts (expand),Все чарты (развернуть)
PLAYLIST_FILTER_GOALS,Goal,Цель
PLAYLIST_FILTER_DIFFICULTY,Difficulty tier,Сложность
PLAYLIST_FILTER_INSTRUMENT,Instrument,Инструмент
PLAYLIST_FILTER_NOTES_READY,Only notes-ready charts,Только готовые чарты
PLAYLIST_FILTER_APPLY,Apply,Применить
PLAYLIST_STAT_TRACKS_FMT,%d tracks,%d треков
PLAYLIST_STAT_DURATION_FMT,~%s,~%s
PLAYLIST_STAT_AVG_DIFF_FMT,avg %s,ср. %s
PLAYLIST_DELETE_CONFIRM,Delete this playlist?,Удалить этот плейлист?
SESSION_SETUP_POOL_AFTER_CAPTION,After playlist is exhausted,Когда плейлист закончится
SESSION_SETUP_POOL_AFTER_RESHUFFLE,Reshuffle and continue,Перемешать и продолжить
SESSION_SETUP_POOL_AFTER_STOP,End series gracefully,Завершить серию
SESSION_SETUP_POOL_AFTER_EXPAND,Continue from random scope,Продолжить из случайной выборки
PLAY_MODE_REPLAY_LAST,Play again,Играть снова
PLAY_MODE_REPLAY_RUN,Replay last run,Повторить забег
PLAY_MODE_ZONE_LAST_RUN,Last run,Последний забег
PLAY_MODE_ZONE_BEST_RR,Best series RR,Лучший RR серии
PLAY_MODE_ENDLESS_LAST_RUN_FMT,%d tracks · %.1f%%,%d треков · %.1f%%
PLAY_MODE_ZONE_NEAREST_ACH,Nearest achievement,Ближайшее достижение
PLAY_MODE_NEAREST_ACH_FMT,%s · %s,%s · %s
PLAY_MODE_ENDLESS_HERO_STREAK_FMT,🔥 %d,🔥 %d
PLAY_MODE_ZONE_SAME_SETUP,Same setup,Тот же сетап
PLAY_MODE_ENDLESS_SAME_SETUP_HINT,Genres · mods · HP — as in session setup,Жанры · моды · HP — как в настройках
PLAY_MODE_ENDLESS_SAME_SETUP_ACTION,Start with same setup,Запустить с тем же сетапом
PLAY_MODE_SETUP_POOL_EMPTY,No matching charts in pool. Update filters or library.,Нет подходящих чартов в пуле. Обновите фильтры или библиотеку.
PLAY_MODE_ZONE_ROTATION_PROGRESS,This rotation,Текущий набор
PLAY_MODE_MARATHON_ROTATION_PROGRESS_FMT,%d / %d routes cleared,%d / %d маршрутов пройдено
PLAY_MODE_ENDLESS_BEST_RR_FMT,Best series RR: %d,Лучший RR серии: %d
PLAY_MODE_ENDLESS_NO_LAST_CONFIG,No saved Endless config yet,Нет сохранённой конфигурации «Бесконечный»
PROFILE_RECORDS_ENDLESS,Endless,Бесконечный
PROFILE_RECORD_ENDLESS_BEST_STREAK,Best streak,Лучшая серия
PROFILE_RECORD_ENDLESS_BEST_RR,Best series RR,Лучший RR серии
PROFILE_RECORD_ENDLESS_BEST_ACCURACY,Best run accuracy,Лучшая точность забега
PROFILE_RECORD_ENDLESS_TOTAL_NOTES,Total notes hit,Всего нот
PROFILE_RECORD_ENDLESS_TOTAL_RUNS,Total runs,Всего забегов
PROFILE_RECORD_ENDLESS_HISTORY,Recent runs,Недавние забеги
PROFILE_RECORD_ENDLESS_RUN_FMT,Run · %d tracks,Забег · %d треков
PROFILE_RECORD_ENDLESS_RUN_ACCURACY_FMT,%.1f%% accuracy,%.1f%% точность
ENDLESS_SUMMARY_STREAK_FMT,Tracks cleared: %d,Треков пройдено: %d
ENDLESS_SUMMARY_SCORE_FMT,Total score: %d,Суммарный счёт: %d
ENDLESS_SUMMARY_ACCURACY_FMT,Average accuracy: %.1f%%,Средняя точность: %.1f%%
ENDLESS_SUMMARY_NOTES_FMT,Notes hit: %d,Нот попадано: %d
ENDLESS_SUMMARY_XP_FMT,+%d XP,+%d XP
ENDLESS_SUMMARY_CURRENCY_FMT,+%d coins,+%d монет
ENDLESS_SUMMARY_NEW_BEST_FMT,New best streak: %d tracks!,Новый рекорд: %d треков!
ENDLESS_SUMMARY_TO_PLAY_MODES,TO PLAY MODES,К РЕЖИМАМ
ENDLESS_SUMMARY_PLAY_AGAIN,PLAY AGAIN,ИГРАТЬ СНОВА
SERIES_FINISH_TOP_RR_SERIES,SERIES RR,RR СЕРИИ
SERIES_FINISH_TOP_RR_ROUTE,ROUTE RR,RR МАРШРУТА
SERIES_FINISH_TOP_TRACKS,TRACKS CLEARED,ТРЕКОВ ПРОЙДЕНО
SERIES_FINISH_TOP_PROGRESS,PROGRESS,ПРОГРЕСС
SERIES_FINISH_TOP_AVG_ACC,AVG ACCURACY,СРЕДНЯЯ ТОЧНОСТЬ
SERIES_FINISH_NEW_RECORD,NEW RECORD!,НОВЫЙ РЕКОРД!
SERIES_FINISH_ROUTE_CLEARED,ROUTE CLEARED!,МАРШРУТ ПРОЙДЕН!
SERIES_FINISH_ROUTE_REWARDS,ROUTE REWARDS,НАГРАДЫ МАРШРУТА
SERIES_FINISH_NEW_SETUP,NEW SETUP,НОВЫЙ СЕТАП
SERIES_FINISH_TRACKS_META_FMT,%d tracks,%d треков
SERIES_FINISH_STAT_SCORE,SCORE,СЧЁТ
SERIES_FINISH_STAT_NOTES,NOTES HIT,НОТ ПОПАДАНО
SERIES_FINISH_STAT_COMBO,MAX COMBO,МАКС. КОМБО
SERIES_FINISH_STAT_PERFECT,PERFECTS,PERFECT
SERIES_FINISH_STAT_MISS,MISSES,ПРОМАХИ
SERIES_FINISH_STAT_DURATION,DURATION,ДЛИТЕЛЬНОСТЬ
SERIES_FINISH_CURRENCY_CAPTION,CURRENCY,ВАЛЮТА
ENDLESS_SETUP_HINT_BODY,Use difficulty and duration sliders to define which charts can appear in the series.,Ползунки сложности и длительности задают какие чарты могут выпасть в серии.
SESSION_SETUP_START_STUB_TITLE,Almost ready,Почти готово
SESSION_SETUP_START_STUB_BODY,Endless gameplay loop is coming in the next update. Your settings are saved.,Игровой цикл «Бесконечный» появится в следующем обновлении. Настройки сохранены.
SESSION_SETUP_INSTRUMENTS,Instrument,Инструмент
SESSION_SETUP_INSTRUMENTS_BOTH,Percussion + Bass,Перкуссия + Бас
SESSION_SETUP_INSTRUMENTS_HINT,Tap icons like the mod pool. At least one must stay on — both = mixed run.,Как пул модов: жмите иконки. Минимум одна включена — обе = смешанный забег.
SESSION_SETUP_GENRE_POLICY,Genre scope,Жанры
SESSION_SETUP_GENRE_ALL,All library,Вся библиотека
SESSION_SETUP_GENRE_GROUPS,Selected groups,Выбранные группы
SESSION_SETUP_GENRE_GROUPS_HINT,Tap icons to select genre groups,Нажмите на иконки · выберите группы жанров
SESSION_SETUP_GENRE_NONE,No groups selected,Группы не выбраны
SESSION_SETUP_PICK_TRACKS,Pick tracks,Выбрать треки
SESSION_SETUP_SELECTED_TRACKS_FMT,%d / %d selected,Выбрано: %d / %d
SESSION_SETUP_PREVIEW_TRACKS_FMT,Selected tracks: %d,Выбрано треков: %d
SESSION_SETUP_PREVIEW_SCOPE_FMT,Matching charts: %d,Подходящих чартов: %d
SESSION_TRACK_PICKER_TITLE,Track selection,ВЫБОР ТРЕКОВ
SESSION_TRACK_PICKER_SUBTITLE,Pick tracks for your endless series. Rating is the hardest chart that matches your session filters.,Выберите треки для серии. Рейтинг — самый сложный чарт среди подходящих под фильтры настройки.
SESSION_TRACK_PICKER_SEARCH,Search tracks…,Поиск треков…
SESSION_TRACK_PICKER_FILTER_TITLE,Title…,Название…
SESSION_TRACK_PICKER_FILTER_ARTIST,Artist…,Исполнитель…
SESSION_TRACK_PICKER_SESSION_FILTERS,Session filters,Фильтры из настройки
SESSION_TRACK_PICKER_DONE,Done,Готово
SESSION_TRACK_PICKER_COUNT_FMT,Selected: %d / %d,Выбрано: %d / %d
SESSION_TRACK_PICKER_SELECTED_DURATION_FMT,≈ %s,≈ %s
SESSION_TRACK_PICKER_FILTERS_SUMMARY_FMT,Filters: rating %s · duration %s · %s,Фильтры: рейтинг %s · длительность %s · %s
SESSION_TRACK_PICKER_SECTION_FAVORITES,Favorites,Избранное
SESSION_TRACK_PICKER_SECTION_LIBRARY,Library,Библиотека
SESSION_TRACK_PICKER_RATING_TOOLTIP_FMT,Max rating among charts matching session filters (%s),Макс. рейтинг среди чартов по фильтрам сессии (%s)
SESSION_TRACK_PICKER_FOOTER,Click to toggle · Enter apply · Esc back,Клик — выбор · Enter применить · Esc назад
UI_LOADING_TRACK_PICKER,Loading track picker…,Загрузка выбора треков…
UI_LOADING_PLAYLIST_HUB,Loading playlists…,Загрузка плейлистов…
UI_LOADING_PLAYLIST_EDITOR,Loading playlist editor…,Загрузка редактора плейлистов…
UI_LOADING_SESSION_SETUP,Loading session setup…,Загрузка настройки сессии…
PLAY_MODE_MARATHON_HINT_GENRES,Genre playlists,Жанровые плейлисты
PLAY_MODE_MARATHON_HINT_DURATION,Up to 45 min,До 45 минут
PLAY_MODE_MARATHON_HINT_REWARDS,Route rewards,Награды маршрутов
MARATHON_CATALOG_TITLE,Marathon,Марафон
MARATHON_CATALOG_SUBTITLE,Route sets — fixed types · rotating themes,Наборы маршрутов — типы постоянны · тема меняется
MARATHON_SEASON_NOW_FMT,Now: %s,Сейчас: %s
MARATHON_SEASON_RESET_FMT,New set in %s,Новый набор через %s
MARATHON_ROTATION_RESET_FMT,New set in %s,Новый набор через %s
MARATHON_SEASON_NEXT_TITLE,Next set,Следующий набор
MARATHON_ROTATION_NEXT_TITLE,Next route set,Следующий набор маршрутов
MARATHON_ROTATION_NEXT_TOGGLE,Next set,Следующий набор
MARATHON_ROTATION_NEXT_HIDE,Hide next set,Скрыть следующий набор
MARATHON_SUMMARY_MODS_TITLE,Modifiers,Модификаторы
MARATHON_SUMMARY_MODS_FIXED_TITLE,Fixed for entire route,На весь маршрут
MARATHON_SUMMARY_MODS_RANDOM_TITLE,Random per track,Случайно на каждый трек
MARATHON_SUMMARY_MODS_POOL_TITLE,Mod pool,Пул модов
MARATHON_SUMMARY_MODS_NONE,No modifiers,Без модов
MARATHON_SUMMARY_MODS_RANDOM_FMT,%d mods drawn from pool below,На трек: %d модов из пула ниже
MARATHON_CATALOG_REWARDS_TITLE,Victory rewards,Награда за прохождение
MARATHON_CATALOG_REWARDS_MOD_BONUS_FMT,+%d%% reward with %d mods per track,+%d%% к награде при %d модах на трек
MARATHON_CATALOG_REWARDS_FIXED_MODS_HINT,Fixed route modifiers may change payout.,Фикс. моды маршрута учтены в награде.
MARATHON_CATALOG_REFRESH_POOL,Refresh pool,Обновить подбор
MARATHON_CATALOG_REFRESH_POOL_OK,Pool refreshed,Подбор обновлён
MARATHON_CATALOG_REFRESH_POOL_STILL,Still not enough songs,Всё ещё недостаточно песен
MARATHON_CATALOG_MOD_LOCKED_NONE,Modifiers: none,Модификаторы: без модов
MARATHON_CATALOG_MOD_LOCKED_RANDOM_FMT,Random · %d mods from pool,Случайно · %d модов из пула
MARATHON_SEASON_NEXT_EMPTY,—,—
MARATHON_SEASON_ROUTES_TITLE,Current route set,Текущий набор маршрутов
MARATHON_ROTATION_PREVIEW_LOCKED,Available after the next refresh,Доступно после обновления набора
MARATHON_ARCHETYPE_SPRINT_TITLE,Sprint,Спринт
MARATHON_ARCHETYPE_STANDARD_TITLE,Standard,Стандарт
MARATHON_ARCHETYPE_BOSS_RUSH_TITLE,Boss Rush,Босс-раш
MARATHON_ARCHETYPE_PRECISION_TITLE,Precision,Точность
MARATHON_ARCHETYPE_ACCELERANDO_TITLE,Accelerando,Акселерандо
MARATHON_ARCHETYPE_CHAOS_TITLE,Chaos,Хаос
MARATHON_ARCHETYPE_JOURNEY_TITLE,Journey,Путешествие
MARATHON_ARCHETYPE_JOURNEY_TAGLINE,Seven songs — a finale boss awaits.,Семь песен — и финальный босс.
MARATHON_IDEA_ENDURE,Endure the distance,Выдержи дистанцию
MARATHON_CATALOG_SETUP_LOCKED_HINT,This route's setup is curated for the run.,Настройки маршрута заданы заранее.
MARATHON_CATALOG_CHART_STYLE_LOCKED_FMT,Chart style: %s,Стиль чартов: %s
MARATHON_CATALOG_CHART_STYLE_LOCKED_ALL,Chart style: all allowed,Стиль чартов: все доступны
MARATHON_CATALOG_CHART_STYLE_LOCKED_HINT,Chart style locked by the trial.,Стиль чартов зафиксирован испытанием.
MARATHON_CATALOG_INSTRUMENT_CAPTION,Instrument,Инструмент
MARATHON_CATALOG_DIFFICULTY_CAPTION,Difficulty,Сложность
MARATHON_CATALOG_ROUTE_TRACKS_CAPTION,Route tracks,Треки маршрута
MARATHON_CATALOG_ROUTE_TRACKS_EMPTY,Not enough songs for a full route yet.,Пока не хватает песен для полного маршрута.
MARATHON_CATALOG_TRACK_FINALE,Finale,Финал
MARATHON_CATALOG_TRACK_UNKNOWN,Unknown track,Неизвестный трек
MARATHON_ARCHETYPE_ULTIMATE_TITLE,Ultimate,Ультимейт
MARATHON_ARCHETYPE_SURVIVAL_TITLE,Survival,Выживание
MARATHON_ARCHETYPE_SPRINT_TAGLINE,Short and fast. High tempo tracks only.,Короткий быстрый забег. Треки с высоким темпом.
MARATHON_ARCHETYPE_STANDARD_TAGLINE,Relax into the journey — difficulty rises gently.,Расслабься в пути — сложность растёт плавно.
MARATHON_ARCHETYPE_BOSS_RUSH_TAGLINE,Four challenges — then the boss.,Четыре испытания — и финальный босс.
MARATHON_ARCHETYPE_PRECISION_TAGLINE,Calm charts — but you cannot slip up.,Спокойные треки — но ошибаться нельзя.
MARATHON_ARCHETYPE_SURVIVAL_TAGLINE,Every mistake could be your last.,Каждая ошибка может стать последней.
MARATHON_ARCHETYPE_CHAOS_TAGLINE,Random rules. Adapt or fail.,Случайные правила. Адаптируйся или проиграй.
MARATHON_ARCHETYPE_ULTIMATE_TAGLINE,The longest run. Only for the committed.,Самый длинный забег. Только для упорных.
MARATHON_DAILY_TAGLINE,Today's shared challenge for everyone.,Общий челлендж дня для всех.
MARATHON_IDEA_SPEED,Very fast songs,Очень быстрые песни
MARATHON_IDEA_JOURNEY,Complete the journey,Пройти путь
MARATHON_IDEA_BOSS,Only the hardest,Только самые сложные
MARATHON_IDEA_PRECISION,Don't miss,Не ошибайся
MARATHON_IDEA_SURVIVAL,Save your HP,Экономь HP
MARATHON_IDEA_CHAOS,Expect anything,Жди чего угодно
MARATHON_IDEA_ULTIMATE,Claim the crown,Забери корону
MARATHON_IDEA_DAILY,Today's challenge,Челлендж дня
MARATHON_ROUTE_DISPLAY_FMT,%s %s,%s %s
MARATHON_RUN_RULE_HP_CARRIES,HP carries between tracks,HP переносится между песнями
MARATHON_RUN_RULE_FIXED_MOD_FMT,Fixed modifier: %s,Фикс. мод: %s
MARATHON_RUN_RULE_RANDOM_MODS,Random modifiers may appear,Могут выпасть случайные моды
MARATHON_PREVIEW_TRACKS_FMT,%d tracks,%d песен
MARATHON_PREVIEW_BPM_FMT,Avg BPM: %d,Сред. BPM: %d
MARATHON_LENGTH_HINT_FMT,~%d min · %d–%d tracks,~%d мин · %d–%d песен
MARATHON_LENGTH_HINT_TRACKS_ONLY_FMT,~%d min · %d tracks,~%d мин · %d песен
MARATHON_LENGTH_HINT_FINALE_FMT,~%d min · %d+1 tracks,~%d мин · %d+1 песен
MARATHON_LENGTH_HINT_FINALE_RANGE_FMT,~%d min · %d–%d+1 tracks,~%d мин · %d–%d+1 песен
MARATHON_NOT_ENOUGH_SONGS_MIN_FMT,Not enough matching songs. At least %d required.,Недостаточно подходящих песен. Требуется минимум %d.
MARATHON_ROUTE_DURATION_SHORT_FMT,Need ~%s of music in the pool (currently ~%s).,Нужно ~%s музыки в пуле (сейчас ~%s).
MARATHON_ROUTE_BUILD_BLOCKED_FMT,Cannot build this route from the pool. %s,Не удалось собрать маршрут из пула. %s
MARATHON_PROGRESS_TITLE,Your progress,Ваш прогресс
MARATHON_PROGRESS_NO_ATTEMPT,Not attempted yet,Ещё не пробовали
MARATHON_PROGRESS_FIRST_GOAL,First goal,Первая цель
MARATHON_PROGRESS_COMPLETE_ROUTE_HINT,Complete the route to earn the first medal.,Пройдите маршрут для первой медали.
MARATHON_PROGRESS_BEST_FMT,Best: %s,Лучший: %s
MARATHON_PROGRESS_IN_PROGRESS,Best progress: %d%%,Лучший прогресс: %d%%
MARATHON_PROGRESS_COMPLETED,Completed,Пройден
MARATHON_PROGRESS_ALL_MEDALS,All medals earned!,Все медали получены!
MARATHON_PROGRESS_ALL_MEDALS_HINT,Try again next season for a new version.,В следующем сезоне — новая версия.
MARATHON_PROGRESS_NEXT_FMT,Until %s:,До «%s»:
MARATHON_PROGRESS_NEXT_GOAL,Next goal,Следующая цель
TIME_COUNTDOWN_DAYS_SUFFIX,d,д
MARATHON_CATALOG_FOOTER_HINT,↑↓ route · Enter start · Esc back,↑↓ маршрут · Enter старт · Esc назад
MARATHON_CATALOG_COURSES_TITLE,Routes,Маршруты
MARATHON_CATALOG_TAB_ALL,All,Все
MARATHON_CATALOG_TAB_GENRES,By genre,По жанрам
MARATHON_CATALOG_TAB_PLAYLISTS,Playlists,Плейлисты
MARATHON_CATALOG_PLAYLISTS_SOON,User playlists are coming soon.,Пользовательские плейлисты скоро.
MARATHON_CATALOG_SUMMARY_TITLE,Summary,Сводка
MARATHON_CATALOG_START_MARATHON,Start marathon,Начать марафон
MARATHON_CATALOG_LIST_READY_FMT,%d tracks · ~%s,%d треков · ~%s
MARATHON_CATALOG_LIST_LOCKED_FMT,Need more songs · %d tracks,Нужно больше песен · %d треков
MARATHON_CATALOG_SECTION_READY,Ready to play,Можно играть
MARATHON_CATALOG_SECTION_LOCKED,Need more songs,Нужно больше песен
MARATHON_CATALOG_NO_SELECTION,Pick a route,Выберите маршрут
MARATHON_CATALOG_PICK_COURSE,Select a route on the left.,Выберите маршрут слева.
MARATHON_CATALOG_HERO_SUBTITLE,Auto route from your library,Маршрут из вашей библиотеки
MARATHON_CATALOG_STAT_TRACKS_FMT,%d tracks,%d треков
MARATHON_CATALOG_STAT_DURATION_FMT,~%s total,~%s всего
MARATHON_CATALOG_STAT_DIFFICULTY_FMT,%.1f → %.1f★,%.1f → %.1f★
MARATHON_CATALOG_SUMMARY_EMPTY,Pick a route to see details.,Выберите маршрут для деталей.
MARATHON_CATALOG_CHALLENGES_TITLE,Challenges,Испытания
MARATHON_CATALOG_SUMMARY_PROGRESS_FMT,Route: %d tracks · target %s,Маршрут: %d песен · план %s
MARATHON_CATALOG_SUMMARY_LENGTH_FMT,Planned: %s,План: %s
MARATHON_CATALOG_SUMMARY_NO_BEST,Best: —,Лучший: —
MARATHON_CATALOG_SUMMARY_POOL_FMT,Pool: %d songs with charts,Пул: %d песен с чартами
MARATHON_CATALOG_SETTINGS_TITLE,Route settings,Настройки маршрута
MARATHON_ROUTE_GENRE_SUBTITLE,Genre route · rising difficulty,Жанровый маршрут · нарастающая сложность
MARATHON_ROUTE_SPRINT_SUBTITLE,Sprint · 3 tracks · quick run,Спринт · 3 трека · быстрый забег
MARATHON_ROUTE_BOSS_RUSH_SUBTITLE,Boss rush · high difficulty only,Босс-раш · только высокая сложность
MARATHON_ROUTE_SURVIVAL_SUBTITLE,Survival · steep climb to the finish,Выживание · крутой подъём к финишу
MARATHON_ROUTE_PRECISION_SUBTITLE,Precision · calm charts · accuracy focus,Точность · спокойные чарты · упор на accuracy
MARATHON_ROUTE_GENERIC_TITLE,Marathon route,Маршрут марафона
MARATHON_ROUTE_EDM_SPRINT_TITLE,EDM Sprint,EDM · Спринт
MARATHON_ROUTE_EDM_BOSS_RUSH_TITLE,EDM Boss Rush,EDM · Босс-раш
MARATHON_ROUTE_METAL_SPRINT_TITLE,Metal Sprint,Metal · Спринт
MARATHON_ROUTE_METAL_BOSS_RUSH_TITLE,Metal Boss Rush,Metal · Босс-раш
MARATHON_ROUTE_ROCK_SPRINT_TITLE,Rock Sprint,Rock · Спринт
MARATHON_ROUTE_ROCK_SURVIVAL_TITLE,Rock Survival,Rock · Выживание
MARATHON_ROUTE_INDIE_PRECISION_TITLE,Indie Precision,Indie · Точность
MARATHON_ROUTE_EDM_SURVIVAL_TITLE,EDM Survival,EDM · Выживание
MARATHON_ROUTE_METAL_SURVIVAL_TITLE,Metal Survival,Metal · Выживание
MARATHON_ROUTE_ELECTRONIC_SPRINT_TITLE,Electronic Sprint,Electronic · Спринт
MARATHON_ROUTE_BASS_BOSS_RUSH_TITLE,Bass Boss Rush,Bass · Босс-раш
MARATHON_ROUTE_POP_PRECISION_TITLE,Pop Precision,Pop · Точность
MARATHON_CATALOG_SUMMARY_RULES_FMT,Run rules: %s,Правила забега: %s
MARATHON_RUN_RULES_NONE,Standard (full HP between tracks),Стандарт (полное HP между треками)
MARATHON_RUN_RULE_HP_RECOVERY_FMT,HP recovery %s,Восстановление HP %s
MARATHON_RUN_RULE_MAX_MISSES_FMT,Max %d misses total,Не больше %d промахов за маршрут
MARATHON_RUN_RULE_MIN_ACCURACY_FMT,Min %d%% accuracy per track,Мин. %d%% accuracy на каждый трек
MARATHON_FINISH_SUBTITLE_RULE_MIN_ACCURACY,Route failed — accuracy too low on a track,Маршрут провален — accuracy на треке ниже порога
MARATHON_FINISH_SUBTITLE_RULE_MAX_MISSES,Route failed — too many misses,Маршрут провален — слишком много промахов
MARATHON_CATALOG_SETTINGS_GEN_MODES,Generation modes,Режимы генерации
MARATHON_CATALOG_SETTINGS_MODS,Modifiers,Модификаторы
MARATHON_CATALOG_SETTINGS_LANES,Lanes,Линии
MARATHON_CATALOG_GEN_POLICY_ALL,All modes,Все режимы
MARATHON_CATALOG_GEN_POLICY_SELECTED,Pick modes,Выбрать режимы
MARATHON_CATALOG_LANES_FMT,%d lanes,%d линий
MARATHON_CATALOG_SETTINGS_TRACK_ORDER,Track order,Порядок треков
MARATHON_CATALOG_TRACK_ORDER_COURSE,By route,По маршруту
MARATHON_CATALOG_TRACK_ORDER_RANDOM,Random,Случайно
MARATHON_CATALOG_SUMMARY_ORDER_COURSE,Order: rising difficulty,Порядок: нарастающая сложность
MARATHON_CATALOG_SUMMARY_ORDER_RANDOM,Order: random shuffle,Порядок: случайный
MARATHON_CATALOG_SUMMARY_REWARDS_FMT,Victory reward: +%d XP · +%d coins,За прохождение: +%d XP · +%d монет
MARATHON_CATALOG_SUMMARY_REWARDS_HINT,Victory reward: +%d XP · +%d coins,За прохождение: +%d XP · +%d монет
MARATHON_CATALOG_SUMMARY_REWARDS_MODS_FMT,Victory: +%d XP · +%d coins · %d mods/track (+%d%%),За прохождение: +%d XP · +%d монет · %d модов/трек (+%d%%)
MARATHON_CATALOG_MOD_POOL_CAPTION,Mod pool (no easing mods),Пул модов (без облегчающих)
MARATHON_CATALOG_MOD_POOL_COUNT_FMT,%d / %d selected · min %d,%d / %d выбрано · мин. %d
MARATHON_CATALOG_MOD_COUNT_CAPTION,Random mods per track,Случайных модов на трек
MARATHON_CATALOG_MOD_COUNT_FMT,%d mods,%d модов
MARATHON_CATALOG_MOD_REWARD_HINT,More mods increase the completion reward (XP and coins).,Больше модов — выше награда за прохождение маршрута (XP и монеты).
MARATHON_CATALOG_START,Start route,Начать маршрут
MARATHON_CATALOG_ROUTE_READY_FMT,%d tracks · ~%s · %d songs in pool,%d треков · ~%s · %d песен в пуле
MARATHON_CATALOG_ROUTE_LOCKED_FMT,Only %d songs (need %d) · route %d tracks,Только %d песен (нужно %d) · маршрут %d треков
MARATHON_CATALOG_DURATION_MIN_FMT,%d min,%d мин
MARATHON_CATALOG_BEST_COMPLETE,Best: completed,Лучший: пройден
MARATHON_CATALOG_BEST_RATIO_FMT,Best: %d%%,Лучший: %d%%
MARATHON_CATALOG_NOT_ENOUGH_SONGS,Not enough matching songs. At least the route minimum is required.,Недостаточно подходящих песен. Требуется минимум для маршрута.
UI_LOADING_MARATHON_CATALOG,Loading marathon catalog…,Загрузка каталога марафона…
MARATHON_TRACK_NUMBER_FMT,Track %d / %d,Трек %d / %d
MARATHON_TRACK_CLEARED_FMT,Track %d / %d cleared,Трек %d / %d пройден
MARATHON_EXIT_AFTER_TRACK,Exit after this track,Выход после этого трека
MARATHON_PAUSE_PROGRESS_FMT,Track %d / %d,Трек %d / %d
MARATHON_FINISH_TITLE,MARATHON,МАРАФОН
MARATHON_FINISH_SUBTITLE_VICTORY,Route completed!,Маршрут пройден!
MARATHON_FINISH_SUBTITLE_DEFEAT,Route failed,Маршрут не пройден
MARATHON_FINISH_SUBTITLE_EXIT,Route ended early,Маршрут завершён досрочно
MARATHON_FINISH_PROGRESS_FMT,Tracks cleared: %d / %d,Треков пройдено: %d / %d
MARATHON_FINISH_SCORE_FMT,Total score: %d,Общий счёт: %d
MARATHON_FINISH_ACCURACY_FMT,Average accuracy: %.2f%%,Средняя точность: %.2f%%
MARATHON_FINISH_NOTES_FMT,Notes hit: %d,Нот сыграно: %d
MARATHON_FINISH_RR_FMT,Series RR: %d,RR серии: %d
MARATHON_FINISH_XP_FMT,+%d XP,+%d XP
MARATHON_FINISH_CURRENCY_FMT,+%d coins,+%d монет
MARATHON_FINISH_NEW_BEST,New best route!,Новый рекорд маршрута!
MARATHON_FINISH_TO_CATALOG,TO CATALOG,В КАТАЛОГ
MARATHON_FINISH_RETRY,RETRY ROUTE,ПОВТОРИТЬ МАРШРУТ
MARATHON_BADGE_BRONZE,Bronze,Бронза
MARATHON_BADGE_SILVER,Silver,Серебро
MARATHON_BADGE_GOLD,Gold,Золото
MARATHON_BADGE_BRONZE_GENERIC,Route cleared,Маршрут пройден
MARATHON_BADGE_SILVER_GENERIC,Strong run,Сильный забег
MARATHON_BADGE_GOLD_IRON_HANDS,Iron Hands,Железные руки
MARATHON_BADGE_GOLD_PRECISION,Precision Master,Мастер точности
MARATHON_BADGE_GOLD_MIRROR,Mirror Master,Мастер зеркала
MARATHON_BADGE_GOLD_HIDDEN,Hidden Master,Мастер скрытых нот
MARATHON_BADGE_COND_COMPLETE,Finish the route,Пройти маршрут
MARATHON_BADGE_COND_AVG_85,Avg accuracy ≥ 85%,Средняя точность ≥ 85%
MARATHON_BADGE_COND_AVG_90,Avg accuracy ≥ 90%,Средняя точность ≥ 90%
MARATHON_BADGE_COND_PERFECT,No misses on the route,Без промахов за маршрут
MARATHON_BADGE_COND_IRON_HANDS,Keep HP ≥ 40% after every track,Держать HP ≥ 40% после каждого трека
MARATHON_BADGE_COND_ENCORE,Avg accuracy ≥ 95%,Средняя точность ≥ 95%
MARATHON_BADGE_COND_PRECISION,Avg accuracy ≥ 92%,Средняя точность ≥ 92%
MARATHON_BADGE_COND_MIRROR,Complete with Mirror on every track,Пройти с «Зеркалом» на каждом треке
MARATHON_BADGE_COND_HIDDEN,Complete with Hidden on every track,Пройти со «Скрытыми» на каждом треке
MARATHON_BADGE_PREVIEW_NONE,Badges: finish the route for Bronze,Бейджи: бронза за прохождение
MARATHON_FINISH_BADGES_FMT,Badges: %s,Бейджи: %s
MARATHON_FINISH_BADGES_NEW_FMT,New badge: %s · All earned: %s,Новый бейдж: %s · Всего: %s
MARATHON_CATALOG_SUMMARY_BADGES_FMT,Badges: %s,Бейджи: %s
MARATHON_CATALOG_SUMMARY_BADGES_EARNED_FMT,Earned: %s · Goals: %s,Получено: %s · Цели: %s
MARATHON_CATALOG_BEST_COMPLETE_BADGE_FMT,Best: completed · %s,Лучший: пройден · %s
MARATHON_CATALOG_BEST_RATIO_BADGE_FMT,Best: %d%% · %s,Лучший: %d%% · %s
MARATHON_CATALOG_MOD_LOCKED_HINT,Route modifiers are fixed by this challenge.,Модификаторы маршрута зафиксированы испытанием.
MARATHON_CATALOG_MOD_LOCKED_FMT,Fixed modifiers: %s,Фиксированные моды: %s
MARATHON_CATALOG_SUMMARY_REWARDS_LOCKED_FMT,Victory: +%d XP · +%d coins · fixed modifiers,За прохождение: +%d XP · +%d монет · фикс. моды
MARATHON_ROUTE_ROCK_MIRROR_TITLE,Rock Mirror Challenge,Rock · Зеркало
MARATHON_ROUTE_EDM_HIDDEN_TITLE,EDM Hidden Challenge,EDM · Скрытые
MARATHON_ROUTE_MIRROR_CHALLENGE_SUBTITLE,Modifier challenge · Mirror on every track,Испытание · «Зеркало» на каждом треке
MARATHON_ROUTE_HIDDEN_CHALLENGE_SUBTITLE,Modifier challenge · Hidden on every track,Испытание · «Скрытые» на каждом треке
MARATHON_SUMMARY_BADGES_TITLE,Route badges,Бейджи маршрута
MARATHON_SUMMARY_RULES_TITLE,Run rules,Правила забега
MARATHON_SUMMARY_BADGE_EARNED,Earned,Получен
MARATHON_SUMMARY_BADGE_LOCKED,Not yet,Ещё нет
MARATHON_CATALOG_DIFFICULTY_LOCKED_FMT,Difficulty locked by route: %.1f → %.1f★,Сложность задана маршрутом: %.1f → %.1f★
MARATHON_BADGE_PLATINUM,Platinum,Платина
MARATHON_BADGE_LEGEND,Legend,Легенда
MARATHON_MEDAL_NAME_ROUTE_CLEAR,Route Clear,Прохождение
MARATHON_MEDAL_NAME_STEADY_RUN,Steady Run,Уверенный забег
MARATHON_MEDAL_NAME_ROUTE_MASTER,Route Master,Мастер маршрута
MARATHON_MEDAL_NAME_SHARP_SHOOTER,Sharp Shooter,Меткий стрелок
MARATHON_MEDAL_NAME_IRON_HANDS,Iron Hands,Железные руки
MARATHON_MEDAL_NAME_PRECISION_MASTER,Precision Master,Мастер точности
MARATHON_MEDAL_NAME_MIRROR_MASTER,Mirror Master,Мастер зеркала
MARATHON_MEDAL_NAME_HIDDEN_MASTER,Hidden Master,Мастер скрытых нот
MARATHON_MEDAL_NAME_ENCORE,Encore,На грани
MARATHON_MEDAL_NAME_FLAWLESS,Flawless,Безупречно
MARATHON_MEDAL_NAME_ELITE,Elite,Элита
MARATHON_MEDAL_NAME_LEGEND,Legend,Легенда
MARATHON_MEDAL_DESC_COMPLETE,Finish the route,Пройти маршрут до конца
MARATHON_MEDAL_DESC_AVG_85,Average accuracy at least 85%,Средняя точность не ниже 85%
MARATHON_MEDAL_DESC_AVG_90,Average accuracy at least 90%,Средняя точность не ниже 90%
MARATHON_MEDAL_DESC_PERFECT,No missed notes on the whole route,Ни одного промаха за весь маршрут
MARATHON_MEDAL_DESC_IRON_HANDS,Keep HP at or above 40% after every track,Держать HP не ниже 40% после каждого трека
MARATHON_MEDAL_DESC_ENCORE,Average accuracy at least 95%,Средняя точность не ниже 95%
MARATHON_MEDAL_DESC_PRECISION,Average accuracy at least 92%,Средняя точность не ниже 92%
MARATHON_MEDAL_DESC_MIRROR,Complete the route with Mirror active on every track,Пройти маршрут с модом «Зеркало» на каждом треке
MARATHON_MEDAL_DESC_HIDDEN,Complete the route with Hidden active on every track,Пройти маршрут с модом «Скрытые» на каждом треке
MARATHON_CATALOG_TAB_DAILY,Daily,Сегодня
MARATHON_CATALOG_TAB_GENRES_LOCKED,Complete any route to unlock,Пройдите любой маршрут для открытия
MARATHON_DAILY_TITLE,Daily Route,Маршрут дня
MARATHON_DAILY_SUBTITLE,One shared challenge for everyone today,Общий челлендж на сегодня
MARATHON_DAILY_SUMMARY_FMT,%s · %s · %s,%s · %s · %s
MARATHON_DAILY_TAB_HINT,Today's route is the same for everyone. Modifiers are locked.,Маршрут дня один для всех. Моды зафиксированы.
MAIN_DAILY_MARATHON_TITLE,Daily Marathon,Марафон дня
MAIN_DAILY_MARATHON_DATE_FMT,Today · %s,Сегодня · %s
MAIN_DAILY_MARATHON_PLAY,Play daily,Играть
MAIN_DAILY_MARATHON_DETAILS,Details,Подробнее
MAIN_DAILY_MARATHON_STATUS_OPEN,Not completed yet,Ещё не пройден
MAIN_DAILY_MARATHON_STATUS_DONE,Done · new route tomorrow,Пройден · завтра новый маршрут
MAIN_LAST_TRACK_EMPTY,Play a track to see it here,Сыграйте трек — он появится здесь
MAIN_HUB_PROGRESS,Your progress,Ваш прогресс
MAIN_HUB_NEXT_LEVEL,To next level,До следующего уровня
MAIN_HUB_MEDALS_TOTAL,Track medals collected,Медалей на треках
MAIN_NEAREST_ACHIEVEMENT,Nearest achievement,Ближайшее достижение
MAIN_NEAREST_ACHIEVEMENT_EMPTY,All achievements unlocked!,Все достижения получены!
MAIN_ACTIVITY_TITLE,Recent activity,Недавняя активность
MAIN_ACTIVITY_EMPTY,Nothing recent yet,Пока нет событий
MAIN_ACTIVITY_SESSION,Last score: %s — %s · %s,Последняя оценка: %s — %s · %s
MAIN_ACTIVITY_DAILY,Last daily quest: %s,Последнее ежедневное задание: %s
MAIN_ACTIVITY_ACHIEVEMENT,Last achievement: %s,Последнее достижение: %s
MAIN_ACTIVITY_GENERATION,Last chart generation: %s — %s · %s,Последняя генерация: %s — %s · %s
MAIN_ACTIVITY_RECORD,Last personal record: %s — %s · %d RR,Последний рекорд: %s — %s · %d RR
TIME_TODAY,Today,Сегодня
TIME_AGO_JUST_NOW,Just now,Только что
TIME_AGO_MINUTES,%d min ago,%d мин. назад
TIME_AGO_HOURS,%d h ago,%d ч. назад
TIME_AGO_YESTERDAY,Yesterday,Вчера
TIME_AGO_DAYS,%d d ago,%d д. назад
MAIN_TIP_TITLE,Tip of the day,Совет дня
MAIN_TIP_COMBO_CHAIN,Hits in a row without misses grow your combo and boost your score.,Попадания подряд без промахов наращивают комбо и повышают счёт.
MAIN_TIP_PERFECT_COMBO,Hits in a row without misses grow your combo and boost your score.,Попадания подряд без промахов наращивают комбо и повышают счёт.
MAIN_TIP_GENERATE_NOTES,Generate charts for your tracks before playing — auto BPM detection helps a lot!,Сгенерируйте карты для своих треков перед игрой — автоопределение BPM сильно помогает!
MAIN_TIP_DAILY_QUESTS,Complete daily quests for bonus diamonds every day.,Выполняйте ежедневные задания — каждый день бонусные алмазы.
MAIN_TIP_SHOP_COLLECTIONS,Shop collections bundle matching hit sounds and particle effects.,Коллекции в магазине собирают сочетающиеся звуки попаданий и частицы.
MAIN_TIP_CALIBRATION,Calibrate audio offset in Settings if notes feel early or late.,"Откалибруйте смещение звука в настройках, если ноты кажутся раньше или позже."
MAIN_TIP_MODIFIERS,Modifiers change difficulty and rewards — try them on familiar tracks.,Модификаторы меняют сложность и награды — попробуйте на знакомых треках.
MAIN_TIP_ENDLESS,Endless mode is a great warm-up and a steady way to earn XP.,Бесконечный режим — хорошая разминка и стабильный способ заработать XP.
MAIN_TIP_LIBRARY,Import your own tracks into the Library and generate charts for them.,Импортируйте свои треки в библиотеку и генерируйте для них карты.
MAIN_TIP_PROFILE,Your Profile shows accuracy trends and personal records.,В профиле — тренды точности и личные рекорды.
MAIN_TIP_PRACTICE,Replay tracks you've cleared to chase higher grades and scores.,Переигрывайте знакомые треки ради более высоких оценок и счёта.
MAIN_TIP_HELP,Press ? on most screens to open context help.,На большинстве экранов ? открывает контекстную справку.
MAIN_TIP_HELP_F1,Help is in the main menu (? button) or press F1 while paused.,Справка — кнопка ? в главном меню или F1 на экране паузы.
HUD_LEVEL,Level,Уровень
MISC_GEN_SCOPE,Chart readiness,Готовность чартов
MISC_GEN_SCOPE_AXIS_GOALS,Goals,Цели
MISC_GEN_SCOPE_AXIS_DIFFS,Difficulties (Arcade),Сложности (Аркада)
MISC_GEN_SCOPE_AXIS_INSTRUMENTS,Instruments,Инструменты
MISC_GEN_SCOPE_EXPAND_GOALS,Expand goals,Расширить цели
MISC_GEN_SCOPE_EXPAND_DIFFS,Expand difficulties,Расширить сложности
MISC_GEN_SCOPE_EXPAND_INSTRUMENTS,Expand instruments,Расширить инструменты
MISC_GEN_SCOPE_CURRENT,Current goal & difficulty,Текущие цель и сложность
MISC_GEN_SCOPE_GOAL_ALL_DIFF,"Current goal, all difficulties (3)","Текущая цель, все сложности (3)"
MISC_GEN_SCOPE_DIFF_ALL_GOAL,"Current difficulty, all goals (2)","Текущая сложность, все цели (2)"
MISC_GEN_SCOPE_ALL,All goals & difficulties (6),Все цели и сложности (6)
MISC_SHOW_GEN_NOTIFS,Show generation notifications,Показывать уведомления генерации
MISC_SERVER_LOCATION,Generation server,Сервер генерации
MISC_SERVER_LOCAL,Local (127.0.0.1),Локальный (127.0.0.1)
MISC_SERVER_NETWORK,Network (another PC),Сеть (другой ПК)
MISC_SERVER_HOST,Server host,Адрес сервера
MISC_SERVER_PORT,Port,Порт
MISC_SONGS_FOLDER,Songs folder,Папка с песнями
MISC_CHOOSE_FOLDER,Choose…,Выбрать…
MISC_NOTES_FOLDER_LABEL,Notes folder,Папка нот
MISC_NOTES_FOLDER_TOOLTIP,"Folder for generated chart files (.rf). Default: AppData. You can point this to another drive.","Папка сгенерированных чартов (.rf). По умолчанию — AppData. Можно указать другой диск."
MISC_NOTES_FOLDER_CHOOSE_TOOLTIP,"Choose where generated notes are stored.","Выбрать, где хранятся сгенерированные ноты."
MISC_SHOW_CHART_ID,Show chart ID in song details,Показывать ID чарта в карточке песни
MISC_SHOW_CHART_ID_TOOLTIP,"Shows a short hash for the selected song. Matches note filenames on disk.","Показывает короткий hash выбранной песни. Совпадает с именем файлов нот на диске."
DLG_CHANGE_NOTES_FOLDER_TEXT,"Notes in the old folder stay there. Copy them manually or regenerate charts.","Ноты в старой папке останутся на месте. Скопируйте их вручную или перегенерируйте чарты."
DLG_CHANGE_SONGS_FOLDER_TEXT,"Tracks outside the new folder will stay in metadata. Save the new path, cancel, or remove old entries.","Записи треков вне новой папки останутся в метаданных. Сохраните новый путь, отмените смену или удалите старые записи."
SONG_CHART_ID,Chart ID: %s,ID чарта: %s
SONG_CHART_ID_TOOLTIP,"Click to copy chart folder ID","Нажмите, чтобы скопировать ID папки чарта"
SONG_CHART_ID_COPIED,Chart ID copied,ID чарта скопирован
MISC_SCAN_SONGS,Scan songs,Сканировать песни
MISC_SCAN_SONGS_ADDED,Added %d song(s).,Добавлено песен: %d
MISC_SCAN_SONGS_NONE,No new songs found.,Новых песен не найдено.
MISC_LIBRARY_SCAN_SECTION,Library scan,Сканирование
MISC_LIBRARY_LAST_SCAN,Last scan: %s,Последнее сканирование: %s
MISC_LIBRARY_LAST_SCAN_NEVER,Never scanned,Ещё не сканировали
MISC_RESET_BPM_CACHE,Reset BPM cache,Сбросить кэш BPM
MISC_CLEAR_NOTES,Clear notes folder,Очистить папку с нотами
MISC_RESET_ALL_SETTINGS,Reset all settings,Сбросить все настройки
MISC_RESET_PROFILE,Reset profile statistics,Сбросить статистику профиля
MISC_CLEAR_USER_PATHS,Clear user song paths,Очистить пути пользовательских песен
MISC_DEBUG_MENU,Enable debug menu,Включить отладочное меню
SOUND_VOLUME,Volume,Громкость
SOUND_VOL_MUSIC,Music volume,Громкость музыки
SOUND_VOL_MENU,Menu music volume,Громкость музыки в меню
SOUND_VOL_SFX,Sound effects volume,Громкость звуков
SOUND_VOL_HIT,Hit sounds volume,Громкость нажатий
SOUND_VOL_METRONOME,Metronome volume,Громкость метронома
SOUND_VOL_PREVIEW,Preview volume,Громкость предпросмотра
SOUND_VOL_MUSIC_TOOLTIP,"Volume of the song while playing a level (and on victory/defeat screens).","Громкость песни во время уровня (и на экранах победы/поражения)."
SOUND_VOL_MENU_TOOLTIP,"Background music in the main menu and other screens when no level track is playing.","Фоновая музыка в главном меню и на экранах, где не играет трек уровня."
SOUND_VOL_SFX_TOOLTIP,"Interface sounds: buttons, menus, shop, modifiers, toasts.","Звуки интерфейса: кнопки, меню, магазин, модификаторы, уведомления."
SOUND_VOL_HIT_TOOLTIP,"Kick/hit samples when you press lanes during gameplay (from shop kick items).","Звуки удара по линиям во время игры (кики из магазина)."
SOUND_VOL_METRONOME_TOOLTIP,"Metronome clicks during audio calibration only. Not used during normal gameplay.","Щелчки метронома только во время калибровки звука. В обычной игре не используется."
SOUND_VOL_PREVIEW_TOOLTIP,"Track preview on the song library screen (15 s highlight or full track).","Предпрослушивание трека в библиотеке песен (фрагмент 15 с или вся песня)."
SOUND_PREVIEW_MODE_LABEL,Track preview,Предпросмотр трека
SOUND_PREVIEW_MODE_SNIPPET,15 s highlight (loudest part),15 с — самый громкий фрагмент
SOUND_PREVIEW_MODE_FULL,Full track,Вся песня
SOUND_CALIBRATION,Timing calibration,Калибровка тайминга
SOUND_OFFSET_MS,Offset: %d ms,Оффсет: %d мс
SOUND_OFFSET_TITLE,Current offset,Текущее смещение
SOUND_OFFSET_HINT,Result of tap calibration,Результат тап-калибровки
SOUND_LATENCY_TITLE,Output delay,Задержка вывода
SOUND_LATENCY_HINT,Engine estimate — compensate via calibration,Оценка движка — компенсируйте калибровкой
SOUND_CALIB_CARD_TITLE,Calibration,Калибровка
SOUND_CALIB_CARD_HINT,Tap lane 0 in time with the metronome,Тапайте линию 0 в такт метроному
SOUND_HINT_OUTPUT_LATENCY,Output delay affects rhythm feel. Calibrate if notes seem early or late.,Задержка вывода влияет на ритм. Откалибруйтесь если ноты кажутся раньше или позже.
SOUND_MUTE_DESC,Mutes audio while the window is unfocused,Глушит звук когда окно не в фокусе
SOUND_PREVIEW_DESC,How track preview plays in the library,Как играет превью в библиотеке
SOUND_START_CALIBRATION,Start calibration,Начать калибровку
SOUND_STOP_CALIBRATION,Stop calibration,Остановить калибровку
SOUND_RESET_CALIBRATION,Reset calibration,Сбросить калибровку
SOUND_CALIB_STATUS,"%d taps remaining\nPress %s in time with the metronome\nEsc — cancel calibration","Осталось %d нажатий\nНажимайте %s в такт метронома\nEsc — выйти из калибровки"
SOUND_MUTE_WHEN_UNFOCUSED,Mute sound when the game is in the background,Заглушать звук при сворачивании
SOUND_MUTE_WHEN_UNFOCUSED_TOOLTIP,"Mutes the Master audio bus while a fullscreen game loses focus (alt-tab or minimize). Windowed mode is left untouched.","Заглушает основную шину звука, пока полноэкранная игра не в фокусе (alt-tab или сворачивание). В оконном режиме не применяется."
SOUND_RESET_VOLUMES,Reset volumes to default,Сбросить громкость
SOUND_RESET_VOLUMES_TOOLTIP,"Restore all volume sliders to their default levels (30%).","Вернуть все ползунки громкости к значениям по умолчанию (30%)."
SOUND_OUTPUT_LATENCY_MS,"Sound delay (engine): %d ms","Задержка звука (движок): %d мс"
SOUND_OUTPUT_LATENCY_TOOLTIP,"Approximate delay between the game playing a sound and you hearing it. Depends on driver and device — use calibration above to compensate.","Примерная задержка между командой «играть звук» и тем что вы слышите. Зависит от драйвера и устройства — компенсируется калибровкой выше."
DLG_RESET_CALIB_TITLE,Reset timing,Сброс тайминга
DLG_RESET_CALIB_TEXT,Reset timing offset to 0 ms?,Сбросить тайминговый оффсет к 0 мс?
BTN_RESET,Reset,Сбросить
BTN_CANCEL,Cancel,Отмена
GFX_DISPLAY,Display,Дисплей
GFX_GRAPHICS_QUALITY,Graphics quality,Качество графики
GFX_QUALITY_LOW,Low,Низкие
GFX_QUALITY_MEDIUM,Medium,Средние
GFX_QUALITY_HIGH,High,Высокие
GFX_WINDOW_MODE,Window mode,Режим окна
GFX_WINDOW_WINDOWED,Windowed,Оконный
GFX_WINDOW_FULLSCREEN,Fullscreen,Полноэкранный
GFX_WINDOW_BORDERLESS,Borderless,Безрамочный
GFX_RESOLUTION,Screen resolution,Разрешение экрана
GFX_FPS,FPS counter,Счётчик FPS
GFX_FPS_NONE,None,Нет
GFX_FPS_NORMAL,Normal,Обычный
GFX_FPS_CONTRAST,High contrast,Контрастный
GFX_GAMEPLAY,Gameplay,Игровой процесс
GFX_SCROLL_SPEED,Note scroll speed,Скорость движения нот
GFX_SCROLL_SPEED_TOOLTIP,"How fast notes move toward the hit line. Higher values feel faster (osu!-style scroll speed).","Скорость приближения нот к линии удара. Большее значение — быстрее прокрутка (как scroll speed в osu!)."
GFX_LANE_HIGHLIGHT,Lane highlight brightness,Яркость подсветки линий
GFX_LANE_HIGHLIGHT_TOOLTIP,"Brightness of lane glow during gameplay. Shop lane-highlight cosmetics stack on top.","Яркость подсветки дорожек в игре. Косметика подсветки из магазина накладывается поверх."
GFX_NOTE_BRIGHTNESS,Note brightness,Яркость нот
GFX_NOTE_BRIGHTNESS_TOOLTIP,"Overall note brightness on the playfield. Does not change timing windows.","Общая яркость нот на поле. На окна попадания не влияет."
GFX_PLAYFIELD_WIDTH_HEADER,Playfield width,Ширина игрового поля
GFX_PLAYFIELD_WIDTH_3,3 lanes,3 линии
GFX_PLAYFIELD_WIDTH_4,4 lanes,4 линии
GFX_PLAYFIELD_WIDTH_5,5 lanes,5 линий
GFX_PLAYFIELD_WIDTH_TOOLTIP,"Horizontal playfield size for this lane count during gameplay. 100% is the default width; wider lanes make notes easier to read.","Горизонтальный размер поля для этого числа линий в игре. 100% — стандарт; шире поле — крупнее ноты в каждой линии."
GFX_LINE_ACCENT,Line accent,Акцент у линии
GFX_LINE_ACCENT_TOOLTIP,"Visual emphasis on notes near the hit line — lighter, darker, or richer tint. Hidden/Sudden mods use a separate visibility band.","Визуальный акцент у линии удара — светлее, темнее или насыщеннее. Моды Hidden/Sudden используют отдельную полосу видимости."
GFX_SHOW_ERROR_METER,Show accuracy bar,Показывать шкалу точности
GFX_SHOW_ERROR_METER_TOOLTIP,"Thin bar in the bottom HUD: recent hit timing — early on the left, late on the right.","Тонкая полоска в нижней панели: точность последних попаданий — рано слева, поздно справа."
GFX_SHOW_HEALTH_BAR,Show HP bar,Показывать шкалу HP
GFX_SHOW_HEALTH_BAR_TOOLTIP,"Vertical bar on the right during a song. Misses drain HP; good hits restore a little.","Вертикальная шкала справа во время песни. Промахи уменьшают HP; удачные попадания немного восстанавливают."
GFX_REDUCE_BG_EFFECTS,Background effects in gameplay,Фоновые эффекты в игре
GFX_REDUCE_BG_EFFECTS_TOOLTIP,"Combo pulse and similar background motion during gameplay. Turn off to reduce visual load.","Пульсация комбо и похожие фоновые эффекты в игре. Выключите, чтобы снизить визуальную нагрузку."
GFX_AMBIENT_PARTICLES,Ambient menu particles,Фоновые частицы в меню
GFX_AMBIENT_PARTICLES_TOOLTIP,"Small floating dots in menu and library backgrounds. Washes stay on.","Мелкие летающие точки в фоне меню и библиотеки. Цветовые пятна остаются."
GFX_AUDIO_REACTIVE_BG,Music-reactive background,Фон реагирует на музыку
GFX_AUDIO_REACTIVE_BG_TOOLTIP,"Subtle background and playfield border pulse driven by the track (FFT bass). Combo effects stay separate.","Лёгкая пульсация фона и рамки поля от баса трека (FFT). Эффекты комбо работают отдельно."
GFX_SHOP_KICK_WAVEFORM,Kick waveform preview in shop,Предпросмотр волны кика в магазине
GFX_SHOP_KICK_WAVEFORM_TOOLTIP,"Analyzes kick sounds for waveform animation in the shop. Disable if the shop feels slow.","Анализирует звуки кика для анимации волны в магазине. Отключите при лагах."
GFX_SERIES_INTER_TRACK_COUNTDOWN,5–4–3–2–1 countdown between series tracks,Отсчёт 5–4–3–2–1 между треками серии
GFX_SERIES_INTER_TRACK_COUNTDOWN_TOOLTIP,"Show the numeric countdown before each next track in Endless and Marathon. Off uses a short fade instead.","Показывать числовой отсчёт перед каждым следующим треком в Endless и Marathon. Выключено — короткий fade вместо отсчёта."
UI_LOADING_WAIT,Please wait…,Подождите…
UI_LOADING_SHOP,Loading shop…,Загрузка магазина…
UI_LOADING_ACHIEVEMENTS,Loading achievements…,Загрузка достижений…
UI_LOADING_PROFILE,Updating profile…,Обновление профиля…
UI_LOADING_SETTINGS,Loading settings…,Загрузка настроек…
UI_LOADING_MODIFIERS,Loading modifiers…,Загрузка модификаторов…
UI_LOADING_GEN_SETTINGS,Loading generation settings…,Загрузка параметров генерации…
UI_LOADING_SONG_LIST,Sorting library…,Сортировка библиотеки…
UI_LOADING_PLAY_MODES,Loading play modes…,Загрузка режимов игры…
GFX_APPROACH_NONE,None,Нет
GFX_APPROACH_LIGHTER,Lighter,Светлее
GFX_APPROACH_DARKER,Darker,Темнее
GFX_APPROACH_RICHER,Richer,Насыщеннее
GFX_DUO_PARTNER_NOTE_STYLE,Duo: partner notes,Duo: ноты партнёра
GFX_DUO_PARTNER_NOTE_STYLE_TOOLTIP,"How to visually distinguish the right playfield in Duo mode. Warm/Cool tints both sides; other modes affect partner only.","Как выделить ноты правого поля в Duo. Warm/Cool — оба поля; остальные — только партнёр."
GFX_DUO_NOTE_WARM_COOL,Warm / Cool,Тёплые / холодные
GFX_DUO_NOTE_TINT,Tint + brightness,Оттенок + яркость
GFX_DUO_NOTE_OUTLINE,Outline,Обводка
GFX_DUO_NOTE_NONE,None,Нет
CONTROLS_KEYMAP,Key bindings,Привязка клавиш
CONTROLS_DESC,Click a key button to change its assignment.,Нажмите на клавишу чтобы изменить её назначение.
CONTROLS_ACTION,Action,Действие
CONTROLS_KEY,Key,Клавиша
CONTROLS_LANE,Lane %d,Линия %d
CONTROLS_RESET,Reset,Сбросить
CONTROLS_RESET_KEYS,Reset key bindings,Сбросить назначение клавиш
CONTROLS_HINT,Press ESC to cancel key remapping,Нажмите ESC чтобы отменить переназначение клавиши
MISC_SHOW_GEN_NOTIFS_LONG,Show generation and BPM notifications,Показывать уведомления о генерации и расчёте BPM
MISC_GEN_STATUS_MODE,Generation status,Статус генерации
MISC_GEN_STATUS_FULL,Full,Полный
MISC_GEN_STATUS_COMPACT,Compact,Компактный
MISC_GEN_STATUS_OFF,Off,Выкл
MISC_GEN_STATUS_MODE_TOOLTIP,"Bottom-left status for BPM and note generation. Full shows queue and stage details; Compact is shorter; Off hides generation status.","Статус BPM и генерации внизу слева. Полный — очередь и этапы; Компактный — короче; Выкл — скрыть."
STATUS_SAVING,Saving...,Сохранение...
STATUS_SAVED,Settings saved,Настройки сохранены
STATUS_METADATA_SAVED,Metadata saved,Метаданные сохранены
STATUS_LIBRARY_SCANNING,Scanning library…,Сканирование библиотеки…
STATUS_LIBRARY_DEDUPE_HINT,Found %d possible duplicate entries — review suggested,Найдено %d возможных дубликатов — рекомендуем проверить
STATUS_HINT_CANCEL,Space — cancel,Space — отмена
MISC_CONFIRM_BEFORE_RERUN_LONG,Ask before regenerating notes or recalculating BPM,Спрашивать подтверждение при повторной генерации и пересчёте BPM
MISC_NOTIFY_DONE_MINIMIZED,Notify when generation finishes while minimized,"Уведомлять о завершении генерации, когда игра свёрнута"
MISC_LOW_POWER_MINIMIZED,Reduce resource usage while minimized,"Снижать нагрузку, когда игра свёрнута"
MISC_NOTIFY_DONE_MINIMIZED_TOOLTIP,"When the game is minimized or in the background, flash the taskbar once a queued generation batch completes.","Когда игра свёрнута или неактивна, мигнуть значком на панели задач по завершении очереди генерации."
MISC_LOW_POWER_MINIMIZED_TOOLTIP,"Cap the frame rate to 30 while a fullscreen game is in the background, to save CPU/GPU. Restores automatically when you return. Windowed mode is left untouched.","Ограничивать частоту кадров до 30, пока полноэкранная игра неактивна, чтобы экономить CPU/GPU. Автоматически восстанавливается при возврате. В оконном режиме не применяется."
MISC_SERVER_FLASK,Generation server (Flask),Сервер генерации (Flask)
MISC_SERVER_LOCALHOST,On this computer (localhost),На этом компьютере (localhost)
MISC_SERVER_LAN_PC,Another PC on the local network,Другой ПК в локальной сети
MISC_SERVER_HOST_IP,IP or hostname,IP или имя хоста
MISC_SERVER_PORT_LABEL,Server port,Порт сервера
MISC_SONGS_FOLDER_LABEL,Songs folder,Папка песен
MISC_BUILTIN_ONLY,Built-in songs only,Только встроенные песни
MISC_EXPORT_PROGRESS,Export progress,Экспорт прогресса
MISC_IMPORT_PROGRESS,Import progress,Импорт прогресса
MISC_PROGRESS_BACKUP_HEADER,Progress backup,Резервная копия прогресса
MISC_PROGRESS_BACKUP_HINT,"Currency, shop unlocks, profile stats, achievements, track medals, and song metadata.","Валюта, покупки, статистика профиля, достижения, медали и метаданные треков."
MISC_PROGRESS_BACKUP_TITLE,Progress backup,Резервная копия
MISC_PROGRESS_BACKUP_ERROR_TITLE,Progress backup error,Ошибка копии прогресса
MISC_ENABLE_CONSOLE,Enable console,Включить консоль
MISC_LANGUAGE_TOOLTIP,"Switch interface language (Russian / English).","Смена языка интерфейса (русский / английский)."
UPDATE_CHECK_BUTTON_TOOLTIP,"Look for updates and compare with your installed version.","Проверить обновления и сравнить с установленной версией."
MISC_CHECK_UPDATES_ON_STARTUP_TOOLTIP,"Check for a new game version when launching.","Проверять новую версию игры при запуске."
MISC_GEN_SCOPE_TOOLTIP,"Selected icons define ready charts and what Generate notes / mass queue will request. Original is always one chart; difficulties only expand Arcade.","Выбранные иконки задают готовность чартов и очередь «Сгенерировать ноты». У Оригинала всегда одна карта; сложности расширяют только Аркаду."
MISC_SHOW_GEN_NOTIFS_TOOLTIP,"Pop-up toasts when note generation or BPM calculation finishes.","Всплывающие сообщения о завершении генерации нот или расчёта BPM."
MISC_CONFIRM_BEFORE_RERUN_TOOLTIP,"Ask for confirmation before regenerating notes or recalculating BPM.","Спрашивать подтверждение перед повторной генерацией или пересчётом BPM."
MISC_BULK_FORCE_REGEN_LONG,"Bulk queue: regenerate everything (debug)","Массовая очередь: перегенерировать всё (отладка)"
MISC_BULK_FORCE_REGEN_TOOLTIP,"When enabled, bulk queue actions include tracks that already have BPM or notes. Turn off later to queue only missing work.","Если включено, массовая постановка в очередь затрагивает треки с уже вычисленным BPM или готовыми нотами. Позже можно выключить — тогда в очередь попадут только недостающие задачи."
GEN_STEM_RETENTION_LABEL,Stem files on disk,Стемы на диске
GEN_STEM_RETENTION_AFTER_JOB,Delete after generation,Удалять после генерации
GEN_STEM_RETENTION_TTL,Keep 15 minutes,Хранить 15 минут
GEN_STEM_RETENTION_KEEP_RECENT,Keep last 10,Последние 10
GEN_STEM_KEEP_ALL,Never delete stems (debug),Не удалять стемы (отладка)
GEN_STEM_RETENTION_HINT,"Controls drum stem wav files on the generation server (temp_uploads). Notes and .rf files are not affected.","Управляет drum-стемами на сервере (temp_uploads). Ноты и .rf не затрагиваются."
GEN_STEM_RETENTION_TOOLTIP,"When debug keep-all is off: delete stems immediately, after 15 minutes, or keep only the last 10 on disk.","Если «не удалять» выключено: удалять стемы сразу, через 15 минут или хранить только последние 10 на диске."
GEN_STEM_KEEP_ALL_TOOLTIP,"Keep all drum stems on the server disk (for bulk generation and debugging). Overrides the retention mode above.","Не удалять drum-стемы на диске сервера (массовая генерация и отладка). Перекрывает режим выше."
MISC_SERVER_FLASK_TOOLTIP,"Where the generation server runs: auto on this PC, manual local, or another PC on the LAN.","Где работает сервер генерации: автоматически на этом ПК, вручную локально или другой ПК в сети."
MISC_SERVER_HOST_IP_TOOLTIP,"IP of the PC running the generation server (LAN mode).","IP компьютера с сервером генерации (режим «другой ПК в сети»)."
MISC_SERVER_PORT_TOOLTIP,"TCP port of the generation server (default 5000).","TCP-порт сервера генерации (по умолчанию 5000)."
MISC_SONGS_FOLDER_TOOLTIP,"Folder with your audio files. Metadata and notes are stored separately.","Папка с вашими аудиофайлами. Метаданные и ноты хранятся отдельно."
MISC_CHOOSE_FOLDER_TOOLTIP,"Pick a folder for user songs.","Выбрать папку с пользовательскими песнями."
MISC_SCAN_SONGS_TOOLTIP,"Add new audio files from the songs folder to the library.","Добавить в библиотеку новые файлы из папки песен."
MISC_RESET_BPM_CACHE_TOOLTIP,"Clear saved BPM for all tracks (shows N/A until recalculated).","Сбросить сохранённый BPM у всех треков (будет «Н/Д» пока не пересчитаете)."
MISC_CLEAR_NOTES_TOOLTIP,"Delete all generated note files in user://notes.","Удалить все сгенерированные ноты в user://notes."
MISC_RESET_ALL_SETTINGS_TOOLTIP,"Restore default graphics, sound, controls, and misc settings.","Вернуть настройки графики, звука, управления и прочего по умолчанию."
MISC_RESET_PROFILE_TOOLTIP,"Reset currency, level, achievements, stats, and session history. Cannot be undone.","Сбросить валюту, уровень, достижения, статистику и историю сессий. Необратимо."
MISC_BUILTIN_ONLY_TOOLTIP,"Remove user song paths from metadata; built-in tracks stay.","Убрать из метаданных пути пользовательских песен; встроенные останутся."
MISC_EXPORT_PROGRESS_TOOLTIP,"Save progress to a ZIP backup file.","Сохранить прогресс в ZIP-архив."
MISC_IMPORT_PROGRESS_TOOLTIP,"Restore progress from an exported ZIP. Overwrites current data.","Восстановить прогресс из экспортированного ZIP. Перезапишет текущие данные."
MISC_ENABLE_CONSOLE_TOOLTIP,"Show the in-game debug console overlay.","Показать внутриигровую отладочную консоль."
BTN_OK,OK,ОК
BTN_SAVE,Save,Сохранить
BTN_UPDATE,Update,Обновить
BTN_SAVE_METADATA,Save to metadata,Сохранить в метаданных
MISC_PRUNE_METADATA,Remove from metadata,Удалить из метаданных
DLG_RESET_BPM_TEXT,"This resets cached BPM for all tracks in cache.\nContinue?","Это сбросит BPM для всех треков в кэше.\nПродолжить?"
DLG_CLEAR_NOTES_TEXT,"This deletes all generated notes.\nContinue?","Это удалит все сгенерированные ноты.\nПродолжить?"
DLG_RESET_SETTINGS_TEXT,"This resets all settings to defaults.\nContinue?","Это сбросит все настройки к значениям по умолчанию.\nПродолжить?"
DLG_RESET_PROFILE_TEXT,"This deletes profile results and statistics.\nContinue?","Это удалит результаты и статистику профиля.\nПродолжить?"
DLG_CLEAR_PATHS_TEXT,"This removes user song paths from metadata (built-in songs stay).\nContinue?","Это удалит пользовательские пути из metadata (кроме встроенных).\nПродолжить?"
DLG_MIGRATE_PATHS_TITLE,Relink paths,Перепривязка путей
DLG_MIGRATE_PATHS_TEXT,Relink paths,Перепривязка путей
DLG_SAVE_OLD_PATHS_TEXT,Save user track entries from the previous folder to metadata?,Сохранить записи о пользовательских треках из предыдущей папки в метаданных?
DLG_DELETE_NOTES_CHECKBOX,Also delete generated notes for removed tracks,Также удалить сгенерированные ноты для удаляемых треков
DLG_SCAN_NO_SONGS,No new songs found.,Новых песен не найдено.
DLG_IMPORT_PROGRESS_TEXT,"Current progress will be replaced with data from the backup file.\nContinue?","Текущий прогресс будет заменён данными из файла.\nПродолжить?"
DLG_EXPORT_PROGRESS_SUCCESS,Progress saved to:\n%s,Прогресс сохранён:\n%s
DLG_IMPORT_PROGRESS_SUCCESS,Progress imported successfully.,Прогресс успешно импортирован.
PROGRESS_EXPORT_ERR_PATH,Could not create backup file.,Не удалось создать файл копии.
PROGRESS_EXPORT_ERR_OPEN,Could not open backup file for writing.,Не удалось открыть файл для записи.
PROGRESS_EXPORT_ERR_WRITE,Could not write backup file.,Не удалось записать файл копии.
PROGRESS_IMPORT_ERR_NOT_FOUND,Backup file not found.,Файл копии не найден.
PROGRESS_IMPORT_ERR_OPEN,Could not open backup file.,Не удалось открыть файл копии.
PROGRESS_IMPORT_ERR_EMPTY,Backup file is empty.,Файл копии пустой.
PROGRESS_IMPORT_ERR_MANIFEST,Invalid backup format (manifest).,Неверный формат копии (manifest).
PROGRESS_IMPORT_ERR_FORMAT,This file is not a RhythmFall progress backup.,Это не резервная копия прогресса RhythmFall.
PROGRESS_IMPORT_ERR_VERSION,Backup was created in a newer game version.,Копия создана в более новой версии игры.
PROGRESS_IMPORT_ERR_NO_PLAYER,Backup has no player data.,В копии нет данных игрока.
PROGRESS_IMPORT_ERR_WRITE,Could not restore progress files.,Не удалось восстановить файлы прогресса.
DLG_MERGE_METADATA_TITLE,Merge metadata,Объединение метаданных
DLG_DEDUPE_METADATA_TEXT,Found %d filename matches.\nMerge metadata from old paths into the current folder?,Найдено %d совпадений по именам файлов.\nОбъединить метаданные со старых путей в новую папку?
SHOP_TITLE,Shop,Магазин
SHOP_UNLOCKED,Unlocked: %d / %d,Открыто: %d / %d
SHOP_CAT_ALL,All,Все
SHOP_CAT_KICK,Hit sound,Звук попаданий
SHOP_CAT_COVER,Covers,Обложки
SHOP_CAT_NOTES,Notes,Ноты
SHOP_CAT_LANE,Lane highlight,Подсветка линий
SHOP_CAT_PARTICLES,Hit particles,Частицы попаданий
SHOP_ITEM_PARTICLES_FOREST_POLLEN,Forest pollen,Лесная пыльца
SHOP_ITEM_PARTICLES_NEON_RING,Neon ring,Неоновое кольцо
SHOP_ITEM_PARTICLES_SUNSET_SPARKS,Sunset sparks,Закатные искры
SHOP_ITEM_PARTICLES_SAKURA_PETALS,Petals,Лепестки
SHOP_COLLECTION_FOREST_NAME,Forest Collection,Лесная коллекция
SHOP_COLLECTION_FOREST_TAGLINE,Deep woods and soft greens,Тёмный лес и мягкая зелень
SHOP_COLLECTION_SYNTHWAVE_NAME,Synthwave,Синтвейв
SHOP_COLLECTION_SYNTHWAVE_TAGLINE,Neon grids and midnight pulse,Неоновые сетки и ночной пульс
SHOP_COLLECTION_SUNSET_NAME,Sunset,Закат
SHOP_COLLECTION_SUNSET_TAGLINE,Warm embers and golden pulse,Тёплый ритм заката
SHOP_COLLECTION_SAKURA_NAME,Sakura,Сакура
SHOP_COLLECTION_SAKURA_TAGLINE,Petal-soft rhythm and blush,Ритм лепестков и нежный румянец
SHOP_COLLECTIONS_TITLE,Collections,КОЛЛЕКЦИИ
SHOP_USE,Use,Использовать
SHOP_OPEN,Open,Открыть
SHOP_BUY,Buy for %d,Купить за %d
SHOP_BUY_MEDALS,Need %d medals,Нужно медалей: %d
SHOP_MEDALS_TOOLTIP,Collected %d/%d medals,Собрано %d/%d медалей
SHOP_IN_USE,In use,Используется
SHOP_DEFAULT,Default,Стандартный
SHOP_PREVIEW,Listen,Прослушать
SHOP_PREVIEW_PARTICLES,Preview,Посмотреть
SHOP_ACH_REWARD,Achievement reward,Награда за ачивку
SHOP_ACH_DESC,Complete the achievement,Выполните достижение
SHOP_LEVEL_BTN,Level %d,Уровень %d
SHOP_LEVEL_TOOLTIP,Reach level %d/%d,Достигните %d/%d уровня
SHOP_DAILY_BTN,Dailies: %d,Ежедневки: %d
SHOP_DAILY_TOOLTIP,Complete %d/%d daily quests,Завершите %d/%d ежедневных заданий
SHOP_NO_NAME,Untitled,Без названия
SHOP_UNKNOWN_ACH,Unknown achievement,Неизвестная ачивка
SHOP_COVER_GALLERY_TITLE,Cover gallery,Галерея обложек
SHOP_COVER_VARIANTS,Cover variants: %s,Варианты обложки: %s
SHOP_COVER_VARIANTS_DEFAULT,Product cover variants,Варианты обложки товара
SHOP_COVER_HINT,Press Back or Esc to return to the shop,"Нажмите «Назад» или Esc, чтобы вернуться в магазин"
PROFILE_TITLE,Profile,Профиль
PROFILE_SUBTITLE,"Progress, collection, and records","Прогресс, коллекция и рекорды"
PROFILE_INSIGHT_STREAK_FMT,You've logged in %d days in a row!,Вы заходите уже %d дней подряд!
PROFILE_INSIGHT_MEMBER_DAY_FMT,Today is your %d day in RhythmFall.,Сегодня ваш %d-й день в RhythmFall.
PROFILE_INSIGHT_XP_FMT,%d XP to next level.,До нового уровня осталось %d XP.
PROFILE_INSIGHT_XP_MAX,Maximum level reached!,Достигнут максимальный уровень!
PROFILE_DYNAMIC_STREAK_TITLE,Don't break the streak!,Не прерывайте серию!
PROFILE_DYNAMIC_STREAK_BODY,You've logged in %d days in a row.,Вы заходите уже %d дней подряд.
PROFILE_DYNAMIC_NO_PLAY_TITLE,No songs today yet,Пока без игры сегодня
PROFILE_DYNAMIC_NO_PLAY_BODY,You haven't played any songs today yet.,Сегодня вы ещё не сыграли ни одной песни.
PROFILE_DYNAMIC_DAILY_TITLE,Daily reward,Ежедневная награда
PROFILE_DYNAMIC_DAILY_SONGS_BODY_FMT,Play %d more songs for today's daily reward.,Осталось сыграть %d песен для ежедневной награды.
PROFILE_DYNAMIC_DAILY_GENERIC_BODY_FMT,%d progress left on a daily quest.,Осталось %d для ежедневного задания.
PROFILE_DYNAMIC_XP_TITLE,Almost there!,Почти новый уровень!
PROFILE_DYNAMIC_XP_BODY_FMT,%d XP to level up.,До нового уровня осталось %d XP.
PROFILE_DYNAMIC_MEMBER_TITLE,Your journey,Ваш путь
PROFILE_DYNAMIC_WEEK_PLAYS_TITLE,This week,На этой неделе
PROFILE_DYNAMIC_WEEK_PLAYS_BODY,%d songs played,%d песен сыграно
PROFILE_DYNAMIC_ACCURACY_TITLE,Weekly accuracy,Точность за неделю
PROFILE_DYNAMIC_ACCURACY_BODY_FMT,%s%% average (%s%% vs last week),%s%% в среднем (%s%% к прошлой неделе)
PROFILE_DYNAMIC_FALLBACK_TITLE,Keep the rhythm!,Держите ритм!
PROFILE_STAT_TREND_UP_FMT,↑ +%s this week,↑ +%s за неделю
PROFILE_STAT_TREND_DOWN_FMT,↓ %s vs last week,↓ %s к прошлой неделе
PROFILE_STAT_TREND_FLAT,→ same as last week,→ как на прошлой неделе
PROFILE_DYNAMIC_FALLBACK_BODY,Play a track and move your stats forward.,Сыграйте трек и продвиньте статистику.
PROFILE_DYNAMIC_TODAY_PLAYS_TITLE,Today's session,Сегодня
PROFILE_DYNAMIC_TODAY_PLAYS_BODY,%d songs played so far.,Уже сыграно %d песен.
PROFILE_DYNAMIC_BEST_STREAK_TITLE,Best login streak,Лучшая серия входов
PROFILE_DYNAMIC_BEST_STREAK_BODY_FMT,Your record is %d days in a row.,Рекорд — %d дней подряд.
PROFILE_DYNAMIC_WEEK_SS_TITLE,This week's SS,SS за неделю
PROFILE_DYNAMIC_WEEK_SS_BODY_FMT,%d SS grades this week.,За неделю — %d оценок SS.
PROFILE_DYNAMIC_COMBO_TITLE,Combo record,Рекорд комбо
PROFILE_DYNAMIC_COMBO_BODY_FMT,Your best combo is %d notes in a row.,Лучшее комбо — %d нот подряд.
PROFILE_DYNAMIC_PERFECT_TITLE,Perfect aim,Точность Perfect
PROFILE_DYNAMIC_PERFECT_BODY_FMT,%d%% of your hits are Perfect.,%d%% попаданий — Perfect.
PROFILE_DYNAMIC_SS_TITLE,SS collector,Коллекция SS
PROFILE_DYNAMIC_SS_BODY_FMT,You've earned %d SS grades.,У вас %d оценок SS.
PROFILE_DYNAMIC_UNIQUE_TITLE,Track explorer,Исследователь
PROFILE_DYNAMIC_UNIQUE_BODY_FMT,%d unique tracks cleared.,Пройдено %d уникальных треков.
PROFILE_DYNAMIC_PLAYTIME_TITLE,Time in game,Время в игре
PROFILE_DYNAMIC_PLAYTIME_BODY,Total play time: %s.,Всего в игре: %s.
PROFILE_DYNAMIC_MEDALS_TITLE,Medals,Медали
PROFILE_DYNAMIC_MEDALS_BODY_FMT,%d medals collected so far.,Собрано медалей: %d.
PROFILE_DYNAMIC_QUESTS_DONE_TITLE,Quest veteran,Охотник за квестами
PROFILE_DYNAMIC_QUESTS_DONE_BODY_FMT,Completed %d daily quests total.,Выполнено ежедневных заданий: %d.
PROFILE_DYNAMIC_MISS_LOW_TITLE,Clean runs,Чистая игра
PROFILE_DYNAMIC_MISS_LOW_BODY_FMT,Only %s%% of notes missed overall.,Промахов всего %s%% от нот.
PROFILE_DYNAMIC_AVG_HITS_TITLE,Hit pace,Средний темп
PROFILE_DYNAMIC_AVG_HITS_BODY_FMT,You average %d hits per run.,В среднем %d попаданий за забег.
PROFILE_DYNAMIC_LEVEL_MAX_TITLE,Max level,Максимальный уровень
PROFILE_DYNAMIC_LEVEL_MAX_BODY,You've reached the highest profile level!,Достигнут максимальный уровень профиля!
PROFILE_DYNAMIC_SCORE_TITLE,Score total,Сумма очков
PROFILE_DYNAMIC_SCORE_BODY_FMT,%s points scored in all runs.,Всего заработано %s очков.
PROFILE_DYNAMIC_CURRENCY_TITLE,Diamonds earned,Алмазы
PROFILE_DYNAMIC_CURRENCY_BODY_FMT,%s diamonds earned in total.,Всего заработано %s алмазов.
PROFILE_DYNAMIC_FACT_CALIBRATION_TITLE,Audio timing,Тайминг звука
PROFILE_DYNAMIC_FACT_CALIBRATION_BODY,"If notes feel off-beat, adjust audio offset in Settings.","Если ноты не в такт — настройте смещение звука."
PROFILE_DYNAMIC_FACT_RETRY_TITLE,Second run bonus,Повторный забег
PROFILE_DYNAMIC_FACT_RETRY_BODY,Replaying a track is the fastest way to improve accuracy.,Переигрывание трека — самый быстрый путь к лучшей точности.
PROFILE_DYNAMIC_FACT_CHART_TITLE,Chart trends,Тренды на графике
PROFILE_DYNAMIC_FACT_CHART_BODY,"Switch chart metrics to see how accuracy and score change over time.","Переключайте метрики графика — так видно, как меняются точность и счёт."
PROFILE_DYNAMIC_FACT_MODS_TITLE,Modifier rewards,Награды модов
PROFILE_DYNAMIC_FACT_MODS_BODY,Harder modifier stacks raise difficulty bonus and payout.,Более жёсткие моды повышают бонус сложности и награды.
PROFILE_CAT_OVERVIEW,Overview,Обзор
PROFILE_CAT_STATS,Statistics,Статистика
PROFILE_CAT_MEDALS,Medals,Медали
PROFILE_CAT_GENRES,Genres,Жанры
PROFILE_CAT_RECORDS,Records,Рекорды
PROFILE_RECORDS_RR_TOP10,Rhythm Rating — Top 10,Rhythm Rating — Топ-10
PROFILE_RECORDS_LANES_FMT,%d lanes,%d лин.
PROFILE_RECORDS_MILESTONES,Milestones,Вехи
PROFILE_RECORDS_SNAPSHOT,Overall stats,Общая статистика
PROFILE_RECORDS_FIRSTS,First times,Первые достижения
PROFILE_RECORD_STAT_UNIQUE,Unique tracks,Уникальных треков
PROFILE_RECORD_STAT_TOTAL_SCORE,Total score,Очков всего
PROFILE_RECORD_STAT_MAX_COMBO,Best combo,Лучшее комбо
PROFILE_RECORD_STAT_SS_COUNT,SS grades,Оценок SS
PROFILE_RECORD_STAT_MEDALS,Medals earned,Медалей получено
PROFILE_RECORD_STAT_QUESTS,Quests done,Квестов выполнено
PROFILE_RECORD_STAT_MEMBER,Member since,В игре с
PROFILE_RECORDS_MOD_COUNT_SHORT,%d mods,%d модов
PROFILE_RECORDS_EXTREMES,Personal bests,Личные рекорды
PROFILE_RECORDS_MODS,Modifier records,Рекорды модов
PROFILE_RECORDS_MOD_CLEARS,Modifier clears,Прохождения по модам
PROFILE_RECORDS_MARATHON,Marathon routes,Маршруты марафона
PROFILE_RECORD_MARATHON_ROUTE,Route,Маршрут
PROFILE_RECORD_MARATHON_PROGRESS_FMT,%d%% · %.1f%% accuracy,%d%% · %.1f%% точность
PROFILE_RECORD_MARATHON_COMPLETED,Completed,Пройден
PROFILE_RECORD_MARATHON_BADGES_FMT,Badges: %s,Бейджи: %s
PROFILE_OVERVIEW_MARATHON_TITLE,Marathon progress,Прогресс марафона
PROFILE_OVERVIEW_MARATHON_ROUTES_FMT,%d / %d routes,%d / %d маршрутов
PROFILE_OVERVIEW_MARATHON_BADGES_FMT,%d badges earned,%d бейджей
PROFILE_OVERVIEW_MARATHON_BEST_FMT,Best badge: %s,Лучший бейдж: %s
PROFILE_OVERVIEW_MARATHON_EMPTY,No marathon runs yet,Марафон ещё не играли
PROFILE_OVERVIEW_MODS_TITLE,Modifier clears,Прохождения с модами
PROFILE_OVERVIEW_MODS_TOTAL_FMT,%d clears · %d mods,%d прохождений · %d модов
PROFILE_OVERVIEW_MODS_BEST_FMT,Hardest stack: %d+ mods,Жёсткий набор: %d+ модов
PROFILE_OVERVIEW_MODS_EMPTY,No modifier clears yet,Пока без модов
PROFILE_OVERVIEW_MARATHON_ROUTES_COUNT_FMT,Routes: %d,Маршрутов: %d
PROFILE_OVERVIEW_MARATHON_BEST_MEDAL_FMT,Best medal: %s,Лучшая медаль: %s
PROFILE_OVERVIEW_MODS_TOP_FMT,Top mod: %s ×%d,Топ-мод: %s ×%d
PROFILE_OVERVIEW_MODS_TOP_COUNT_FMT,Top mod ×%d,Топ-мод ×%d
PROFILE_OVERVIEW_MODS_MASTERED_FMT,Mods mastered: %d/%d,Модов освоено: %d/%d
PROFILE_OVERVIEW_MARATHON_PROGRESS_HINT,Completed routes of started ones,Завершённые маршруты из начатых
PROFILE_OVERVIEW_MODS_PROGRESS_HINT,Modifiers mastered of available,Освоенные моды из доступных
PROFILE_SHARE_PLAY_MODES_MARATHON_EMPTY,No marathon runs yet — routes and medals will appear here.,Марафон ещё не играли — здесь появятся маршруты и медали.
PROFILE_SHARE_PLAY_MODES_ENDLESS_EMPTY,No endless runs yet — best streak will appear here.,Бесконечный ещё не играли — здесь появится лучшая серия.
PROFILE_OVERVIEW_DETAILS_LINK,Details →,Подробнее →
PROFILE_RECORDS_STREAKS,Streaks,Серии
PROFILE_RECORDS_GENRES,Genre highlights,Жанры
PROFILE_RECORDS_EMPTY,No data yet,Пока нет данных
PROFILE_RECORDS_RR_LINE,%d. %d RR — %s,%d. %d RR — %s
PROFILE_RECORD_MILESTONE_FIRST_TRACK,First track played,Первый сыгранный трек
PROFILE_RECORD_MILESTONE_FIRST_SS,First SS,Первый SS
PROFILE_RECORD_MILESTONE_FIRST_S,First S,Первый S
PROFILE_RECORD_MILESTONE_FIRST_HIDDEN,First Hidden clear,Первый трек со Скрытыми
PROFILE_RECORD_MILESTONE_FIRST_FC,First full combo,Первый FC
PROFILE_RECORD_MILESTONE_UNIQUE_100,100 unique tracks cleared,100 уникальных треков
PROFILE_RECORD_MILESTONE_CLEARS_1000,1000 total clears,1000 прохождений
PROFILE_RECORD_MILESTONE_FIRST_MEDAL,First medal earned,Первая медаль
PROFILE_RECORD_EXTREME_ACCURACY,Highest accuracy,Самая высокая точность
PROFILE_RECORD_EXTREME_CHART,Hardest chart cleared,Самая сложная карта
PROFILE_RECORD_EXTREME_FC,Longest full combo,Самый длинный FC
PROFILE_RECORD_EXTREME_DURATION,Longest track cleared,Самый длинный трек
PROFILE_RECORD_EXTREME_BPM,Fastest BPM cleared,Самый быстрый BPM
PROFILE_RECORD_EXTREME_LAST_RECORD,Last personal record,Последний рекорд
PROFILE_RECORDS_LAST_RR_FMT,%d RR — %s (%s),%d RR — %s (%s)
PROFILE_RECORD_MOD_MAX_COUNT,Most modifiers in one clear,Больше всего модов за раз
PROFILE_RECORD_MOD_HARDEST,Hardest modifier combo,Самый жёсткий набор модов
PROFILE_RECORD_MOD_HARD_BONUS,Mod difficulty bonus: +%d%%,Бонус сложности модов: +%d%%
PROFILE_RECORD_MOD_HARD_HINT,Sum of hardening mod bonuses,Сумма бонусов усложняющих модов
PROFILE_RECORDS_MOD_COUNT_FMT,%d mods — %s [%s],%d модов — %s [%s]
PROFILE_RECORDS_MOD_HARD_FMT,+%.0f%% — %s [%s],+%.0f%% — %s [%s]
PROFILE_RECORD_STREAK_CLEAR_BEST,Best clear streak (days),Лучшая серия дней с прохождениями
PROFILE_RECORD_STREAK_CLEAR_CURRENT,Current clear streak,Текущая серия прохождений
PROFILE_RECORD_GENRE_MOST_PLAYED,Most played genre group,Самый играемый жанр
PROFILE_RECORD_GENRE_BEST_ACCURACY,Best accuracy by genre,Лучшая точность по жанру
PROFILE_RECORD_GENRE_HARDEST,Hardest genre cleared,Самый сложный жанр
PROFILE_RECORD_GENRE_VALUE_FMT,%s (%.1f%%),%s (%.1f%%)
PROFILE_RECORD_GENRE_RATING_FMT,%s (%.0f/10),%s (%.0f/10)
SONG_BEST_RR,Best RR: %d,Лучший RR: %d
SONG_BEST_RR_NONE,Best RR: —,Лучший RR: —
PROFILE_GENRES_TITLE,Music collection,Музыкальная коллекция
PROFILE_GENRES_SUBTITLE,Explore genres and grow mastery with every clear in that style.,Исследуйте жанры и прокачивайте мастерство с каждым прохождением трека этого стиля.
PROFILE_GENRES_CATALOG_GLOBAL,%d / %d genres,%d / %d жанров
PROFILE_GENRES_PLACEHOLDER,"Coming soon: unlocked genre groups and play counts.","Скоро: открытые группы жанров и сколько раз сыграно."
PROFILE_GENRE_LEVEL_FMT,Level %d,Уровень %d
PROFILE_GENRE_LEVEL_MAX,Level 20,Уровень 20
PROFILE_GENRE_PLAYS_FMT,%d clears in this style,%d прохождений в стиле
PROFILE_GENRE_PROGRESS_FMT,%d / %d to next level,%d / %d до след. уровня
PROFILE_GENRE_PROGRESS_LOCKED,Play a track in this style to start,Сыграйте трек этого стиля
PROFILE_GENRE_MASTERY_HINT,"Level 1 after the first clear; then +5 clears per level (max 20, ~96 clears). Tap a collection header to expand its genres.","Уровень 1 — после первого прохождения; далее +5 прохождений за уровень (макс. 20, ~96 игр). Нажмите на коллекцию — раскроется список жанров."
PROFILE_LOGIN_STREAK_TITLE,Day streak,Серия дней
PROFILE_LOGIN_STREAK_CURRENT,Current,Сейчас
PROFILE_LOGIN_STREAK_BEST,Best,Рекорд
PROFILE_LOGIN_STREAK_CAPTION,Day streak (best %d),Серия дней (рек. %d)
PROFILE_GENRE_PORTRAIT_TITLE,Music portrait,Музыкальный портрет
PROFILE_GENRE_PORTRAIT_EMPTY,Play tracks to build your genre portrait.,Сыграйте треки — здесь появится портрет по жанрам.
PROFILE_GENRE_GRP_EDM,EDM,EDM
PROFILE_GENRE_GRP_ELECTRONIC,Electronic,Электроника
PROFILE_GENRE_GRP_BASS_MUSIC,Bass music,Бас-музыка
PROFILE_GENRE_GRP_ROCK,Rock,Рок
PROFILE_GENRE_GRP_METAL,Metal,Метал
PROFILE_GENRE_GRP_RAP,Rap & hip-hop,Рэп и хип-хоп
PROFILE_GENRE_GRP_INDIE_ALT,Indie & alt,Инди и альт
PROFILE_GENRE_GRP_POP,Pop,Поп
PROFILE_GENRE_GRP_JAZZ,Jazz & blues,Джаз и блюз
PROFILE_GENRE_GRP_SOUL_FUNK,Soul & funk,Соул и фанк
PROFILE_GENRE_GRP_CLASSICAL_ORCHESTRAL,Classical,Классика
PROFILE_GENRE_GRP_FOLK_COUNTRY,Folk & country,Фолк и кантри
PROFILE_GENRE_GRP_WORLD,World,Мировая музыка
PROFILE_GENRE_GRP_LATIN,Latin,Латино
PROFILE_GENRE_GRP_REGGAE_DUB,Reggae & dub,Регги и даб
PROFILE_GENRE_GRP_OTHER,Unmapped,Не распределено
PROFILE_GENRE_GROUP_COUNT_FMT,%d / %d genres,%d / %d жанров
PROFILE_GENRE_SUBGENRE_PLAYS_FMT,%s · %d,%s · %d
PROFILE_GENRE_GROUP_TAP_HINT,Tap the header to expand genres.,Нажмите на заголовок — раскроется список жанров.
PROFILE_FAVORITE_TRACK,Favorite track,Любимый трек
PROFILE_FAVORITE_GENRE,Favorite genre: %s,Любимый жанр: %s
PROFILE_FAVORITE_PLAY_COUNT,Played: %d times,Сыграно: %d раз
PROFILE_MEDALS_SUMMARY,Track medals collected,Собранные медали треков
PROFILE_LEVEL_TITLE,Level,Уровень
PROFILE_LEVEL,Level: %d,Уровень: %d
PROFILE_XP_PROGRESS,Progress: %.1f%%,Прогресс: %.1f%%
PROFILE_PLAY_TIME,Play time,Время в игре
PROFILE_ACCURACY,Accuracy,Точность
PROFILE_LEVELS_COMPLETED,Levels completed,Уровней пройдено
PROFILE_AVG_DIFFICULTY,Avg. chart difficulty,Средняя сложность
PROFILE_GENERAL_STATS,Overall statistics,Общая статистика
PROFILE_GRADES,Grades,Оценки
PROFILE_RECENT_ACHIEVEMENTS,Recent achievements,Последние достижения
PROFILE_NO_RECENT_ACHIEVEMENTS,No recently unlocked achievements,Нет недавно открытых достижений
PROFILE_CHART_TITLE,Accuracy for the last 20 sessions,Точность за последние 20 сессий
PROFILE_CHART_TITLE_SCORE,Score for the last 20 sessions,Счёт за последние 20 сессий
PROFILE_CHART_TITLE_RR,RR for the last 20 sessions,RR за последние 20 сессий
PROFILE_CHART_AVG_FMT,avg. %s,ср. %s
PROFILE_CHART_AVG_EMPTY,avg. —,ср. —
PROFILE_CHART_METRIC_ACCURACY,Accuracy,Точность
PROFILE_CHART_METRIC_SCORE,Score,Счёт
PROFILE_CHART_METRIC_RR,RR,RR
PROFILE_CHART_TOOLTIP_TRACK,%s — %s,%s — %s
PROFILE_CHART_TOOLTIP_META,%s  ·  %s  ·  %s,%s  ·  %s  ·  %s
PROFILE_CHART_TOOLTIP_ACCURACY,Accuracy: %s%%,Точность: %s%%
PROFILE_CHART_TOOLTIP_SCORE,Score: %s,Счёт: %s
PROFILE_CHART_TOOLTIP_RR,RR: %s,RR: %s
PROFILE_CHART_X_AXIS,Sessions (1 → 20),Сессии (1 → 20)
PROFILE_STAT_UNIQUE_TRACKS,Unique tracks,Уникальных треков
PROFILE_STAT_TOTAL_SCORE,Total score,Очков всего
PROFILE_STAT_NOTES_HIT,Hits,Попаданий
PROFILE_STAT_NOTES_MISS,Misses,Промахов
PROFILE_STAT_MAX_STREAK,Best combo,Лучшее комбо
PROFILE_STAT_TOTAL_RR,Total RR earned,Всего RR
PROFILE_STAT_MEDALS_TOTAL,Medals collected,Медалей собрано
PROFILE_STAT_DAILY_QUESTS,Quests,Квестов
PROFILE_STAT_MEMBER_SINCE,Member since,В игре с
PROFILE_STAT_EARNED,Earned,Заработано
PROFILE_STAT_SPENT,Spent,Потрачено
PROFILE_STAT_INSTR_LEVELS,Levels cleared,Пройдено уровней
PROFILE_STAT_INSTR_PERFECT,Perfect hits,Идеальных попаданий
PROFILE_STAT_INSTR_COMBO,Best combo,Лучшее комбо
PROFILE_STAT_INSTR_SCORE,Score,Очков
PROFILE_STAT_INSTR_AVG_ACC,Avg. accuracy,Ср. точность
PROFILE_STAT_INSTR_TITLE,By instrument,По инструментам
PROFILE_STAT_INSTR_OPEN_BUTTON,By instrument →,По инструментам →
PROFILE_STAT_INSTR_MODAL_SUB,Lifetime stats for each instrument.,Сводка за всё время по каждому инструменту
PROFILE_STAT_INSTR_MODAL_FOOTER,Esc — close,Esc — закрыть
PROFILE_STAT_INSTR_DRUMS_SUB,Discrete hits on lanes,Дискретные удары по линиям
PROFILE_STAT_INSTR_BASS_SUB,Holds and sustained notes,Удержания и протяжённые ноты
PROFILE_STAT_INSTR_HITS,Hits,Попаданий
PROFILE_STAT_INSTR_MISSES,Misses,Промахов
PROFILE_STAT_INSTR_SESSIONS,Play sessions,Игровых сессий
PROFILE_STAT_INSTR_BEST_ACC,Best accuracy,Лучшая точность
PROFILE_STAT_INSTR_PROGRESS_CAPTION,Progress,Прогресс
VALUE_NA,N/A,Н/Д
VALUE_UNKNOWN_ARTIST,Unknown,Неизвестен
PROFILE_PLAY_TIME_FMT,%02dh:%02dm,%02dч:%02dм
ACH_TITLE,Achievements,Достижения
ACH_POPUP_UNLOCKED,Achievement unlocked!,Достижение получено!
ACH_UNLOCKED,Unlocked: %d / %d,Открыто: %d / %d
ACH_SEARCH_PLACEHOLDER,Search achievements...,Поиск достижений...
ACH_FILTER_ALL,All,Все
ACH_FILTER_UNLOCKED,Unlocked,Открытые
ACH_FILTER_LOCKED,Locked,Закрытые
ACH_CAT_MASTERY,Mastery,Мастерство
ACH_CAT_DRUMS,Percussion,Перкуссия
ACH_CAT_BASS,Bass,Бас
ACH_CAT_GENRES,Genres,Жанры
ACH_CAT_SYSTEM,System,Системные
ACH_CAT_SHOP,Shop,Магазин
ACH_CAT_ECONOMY,Economy,Экономика
ACH_CAT_DAILY,Daily,Ежедневные
ACH_CAT_PLAYTIME,Playtime,Время в игре
ACH_CAT_EVENTS,Events,Событийные
ACH_CAT_LEVEL,Level,Уровень
ACH_CAT_MODIFIERS,Modifiers,Модификаторы
ACH_CAT_PLAY_MODES,Play modes,Режимы игры
ACH_SUBTITLE,Your progress and achievement collection,Ваш прогресс и коллекция достижений
ACH_SHOW_ALL,Show all,Показать все
ACH_BACK_TO_OVERVIEW,Back to overview,← К обзору
ACH_VIEW_FULL_LIST,Full list,Полный список
ACH_VIEW_OVERVIEW,Overview,Обзор
ACH_SEARCH_RESULTS,Search results,Результаты поиска
ACH_SECTION_PROGRESS,%d / %d unlocked,%d / %d открыто
ACH_UNLOCKED_ON,Unlocked: %s,Открыто: %s
ACH_NO_TITLE,Title missing,Название отсутствует
ACH_NO_DESC,Description missing,Описание отсутствует
DAILY_QUEST_DEFAULT,Quest,Задание
DAILY_QUEST_META,%d • Goal: %d,%d • Цель: %d
DAILY_QUEST_DONE,(completed),(завершено)
DAILY_QUEST_PROGRESS, (%d/%d), (%d/%d)
MAIN_OPEN_REPO,Open repository,Открыть репозиторий
MAIN_OPEN_HELP,"Open help (F1)",Открыть справку (F1)
MAIN_NOTICE_OPEN_HELP,Open help,Открыть справку
MAIN_WELCOME_TITLE,Welcome to RhythmFall,Добро пожаловать в RhythmFall
MAIN_SERVER_SETUP_TEXT,"[font_size=17]RhythmFall ships with a local generation backend (RhythmFallServer.exe and Python venv in the game folder). By default the game starts it automatically in the background — you do not need a separate install.[/font_size]\n\n[b]Quick start[/b]\n• Song list: Detect BPM → Generate notes → Play\n• If generation fails: Settings → Other — Automatic, Manual, or LAN\n• More details: main menu ? or F1 in pause → Getting Started","[font_size=17]В комплекте с игрой идёт локальный сервер генерации (RhythmFallServer.exe и Python-окружение в папке игры). По умолчанию игра запускает его сама в фоне — отдельно ставить ничего не нужно.[/font_size]\n\n[b]Быстрый старт[/b]\n• Список песен: Вычислить BPM → Сгенерировать ноты → Играть\n• Если генерация не идёт: Настройки → Прочее — Авто, Вручную или LAN\n• Подробнее: ? в главном меню или F1 на паузе → «С чего начать?»"
MAIN_BTN_GOT_IT,Got it,Понятно
SONG_SEARCH_PLACEHOLDER,Search...,Поиск...
SONG_EDIT,Edit,Редактировать
SONG_EDIT_ON,Edit (ON),Редактировать (ВКЛ)
SONG_GEN_SETTINGS_BTN,Generation settings,Настройки генерации
SONG_GEN_SETTINGS_FMT,Generation settings: %s %s %d,Настройки генерации: %s %s %d
SONG_GEN_SETTINGS_FMT4,%s %s %s,%s %s %s
SONG_GEN_SETTINGS_FMT_ORIGINAL,%s %s,%s %s
SONG_GEN_STYLE_BTN_FMT,Chart style: %s %s %s %s,Стиль чарта: %s %s %s %s
SONG_GEN_STYLE_BTN_ORIGINAL_FMT,Chart style: %s %s %s,Стиль чарта: %s %s %s
SONG_GEN_ABBR_DIFF_RELAXED,E,Л
SONG_GEN_ABBR_DIFF_STANDARD,M,С
SONG_GEN_ABBR_DIFF_DENSE,H,Т
SONG_GEN_ABBR_DIFF_ORIGINAL_RELAXED,B,К
SONG_GEN_ABBR_DIFF_ORIGINAL_STANDARD,R,Ч
SONG_GEN_ABBR_DIFF_ORIGINAL_DENSE,A,А
SONG_GEN_ABBR_DRUMS,P,П
SONG_GEN_ABBR_BASS,B,Б
SONG_GEN_ABBR_FULLMIX,F,О
SONG_GEN_ABBR_MINIMAL,M,М
SONG_GEN_ABBR_BASIC,B,Б
SONG_GEN_ABBR_ENHANCED,E,У
SONG_GEN_ABBR_NATURAL,N,Н
SONG_GEN_ABBR_CUSTOM,C,П
SONG_GEN_ABBR_ORIGINAL,O,О
SONG_GEN_ABBR_GROOVE,P,П
SONG_GEN_ABBR_ARCADE,A,А
SONG_GEN_ABBR_SPARSE,M,М
SONG_FILTER_TITLE,Title,Название
SONG_FILTER_ARTIST,Artist,Артист
SONG_FILTER_YEAR,Year,Год
SONG_FILTER_BPM,BPM,BPM
SONG_FILTER_PLAY_COUNT,Most played,Чаще играли
SONG_FILTER_DIFFICULTY,Difficulty,Сложность
SONG_FILTER_NOTES_READY,Notes ready,Готовность нот
SONG_FILTER_DURATION,Duration,Длительность
SONG_FILTER_GENRE_GROUP,Genre group,Группа жанра
SESSION_BULK_SELECT_ALL,All,Все
SESSION_BULK_RESET,Reset,Сброс
SONG_GROUP_BPM_UNKNOWN,Unknown BPM,BPM не указан
SONG_GROUP_BPM_FMT,%d BPM,%d BPM
SONG_GROUP_DURATION_UNKNOWN,Unknown duration,Неизвестная длительность
SONG_GROUP_DURATION_UNDER_1,<1 min,<1 мин
SONG_GROUP_DURATION_1_MIN,1 min,1 мин
SONG_GROUP_DURATION_N_MIN,%d min,%d мин
SONG_GROUP_YEAR_UNKNOWN,Unknown year,Год не указан
SONG_GROUP_NOTES_HAVE_FMT,Has notes (%d),Есть (%d)
SONG_GROUP_NOTES_MISSING_FMT,No notes (%d),Нет (%d)
SONG_GROUP_HEADER_FMT,%d %s,%d %s
SONG_GROUP_DIFFICULTY_NONE,No rating,Без рейтинга
SONG_GROUP_PLAY_10_PLUS,10+,10+
SONG_GROUP_PLAY_UNDER_10,<10,<10
SONG_GROUP_PLAY_NEVER,Never played,Не играли
SONG_GROUP_FAVORITES,Favorites,Избранное
SONG_FAVORITE_ADD,Add to favorites,В избранное
SONG_FAVORITE_REMOVE,Remove from favorites,Убрать из избранного
SONG_COUNT,Songs: %d,Песен: %d
SONG_CLEAR_RESULTS,Clear results,Очистить результаты
SONG_FIELD_TITLE,Title: %s,Название: %s
SONG_FIELD_ARTIST,Artist: %s,Исполнитель: %s
SONG_FIELD_YEAR,Year: %s,Год: %s
SONG_FIELD_BPM,BPM: %s,BPM: %s
SONG_FIELD_DURATION,Duration: %s,Длительность: %s
SONG_FIELD_GENRE,Genre: %s,Жанр: %s
SONG_PLAY_COUNT,Played: %d times,Сыгран: %d раз
SONG_BEST_GRADE_NONE,Best grade: N/A,Лучшая оценка: Н/Д
SONG_BEST_GRADE,Best grade: %s,Лучшая оценка: %s
SONG_DIFFICULTY_PREFIX,Difficulty:,Сложность:
SONG_DIFFICULTY_BASE_PREFIX,Base difficulty:,Базовая сложность:
SONG_DIFFICULTY_MOD_PREFIX,Difficulty (mods):,Сложность (моды):
SONG_DIFFICULTY_MOD_INFLUENCE_FMT,Modifier influence: %s,Влияние модов: %s
SONG_DIFFICULTY_NONE,Difficulty: —,Сложность: —
SONG_DIFFICULTY_LIST,%d/10,%d/10
SONG_TOOLTIP_CHART_DIFFICULTY_EFFECTIVE_FMT,Total with modifiers: %s,Итого с модами: %s
SONG_TOOLTIP_CHART_DIFFICULTY_OVERFLOW_FMT,Above chart cap: +%.1f,Сверх лимита чарта: +%.1f
SONG_TOOLTIP_CHART_DIFFICULTY_NONE,Chart difficulty unavailable,Сложность чарта недоступна
SONG_TOOLTIP_CHART_DIFFICULTY_FMT,Chart difficulty: %s,Сложность чарта: %s
SONG_DENSITY_FMT,Density: %.1f notes/s,Плотность: %.1f нот/с
SONG_DENSITY_PEAK_FMT,Density: %.1f avg · %.1f peak notes/s,Плотность: %.1f сред · %.1f пик н/с
SONG_DENSITY_MOD_SUFFIX,%s (mods),%s (моды)
SONG_DENSITY_NONE,Density: —,Плотность: —
SONG_TOOLTIP_DENSITY_NOTES_FMT,Notes in chart: %d,Нот в чарте: %d
SONG_TOOLTIP_DENSITY_BREAKDOWN,Average: %.1f n/s · peak: %.1f n/s,Средняя: %.1f н/с · пик: %.1f н/с
SONG_PLAY,Play,Играть
SONG_PLAY_NEED_NOTES,Generate notes first,Сначала сгенерируйте ноты
SONG_ANALYZE_BPM,Analyze BPM,Вычислить BPM
SONG_BPM_DONE,BPM calculated,BPM вычислен
SONG_BPM_LOADING,BPM: Loading...,BPM: Загрузка...
SONG_BPM_ERROR,BPM: Error,BPM: Ошибка
SONG_ANALYZE_PROGRESS,Calculating...,Вычисление...
SONG_ANALYZE_ERROR,Calculation error,Ошибка вычисления
SONG_ANALYZE_QUEUE,Queued (%d),В очереди (%d)
SONG_BPM_CONFIRM_TITLE,BPM already computed,BPM уже вычислен
SONG_BPM_CONFIRM_RECALC,BPM for “%s” is already computed: %s.\nRecalculate?,BPM для «%s» уже вычислен: %s.\nПересчитать?
SONG_GEN_NOTES,Generate notes,Сгенерировать ноты
SONG_GEN_PROGRESS,Generating...,Генерация...
SONG_GEN_DONE,Notes generated,Ноты сгенерированы
SONG_GEN_REGEN,Regenerate notes,Перегенерировать ноты
SONG_GEN_TOOLTIP_IN_PROGRESS,Generation in progress…,Идёт генерация…
SONG_GEN_TOOLTIP_QUEUED,Queued — wait for the current task,В очереди — дождитесь текущей задачи
SONG_GEN_TOOLTIP_QUEUE_OTHER,Another mode is generating — click to queue these settings,Сейчас генерируется другой режим — нажмите чтобы поставить эти настройки в очередь
SONG_GEN_TOOLTIP_REGEN,Notes exist for these settings — click to regenerate,Ноты для этих настроек уже есть — нажмите для перегенерации
SONG_GEN_ERROR,Generation error,Ошибка генерации
SONG_GEN_NEED_BPM,Calculate BPM first,Сначала вычислите BPM
SONG_GEN_SERVICE_UNAVAILABLE,Generation service is unavailable. Restart the game.,Сервис генерации недоступен. Перезапустите игру.
SONG_GEN_NOTHING_TO_DO,No generation jobs for the current settings.,Нет задач генерации для текущих настроек.
SONG_GEN_QUEUE,Queued (%d),В очереди (%d)
SONG_GEN_CONFIRM_TITLE,Notes already exist,Ноты уже существуют
SONG_GEN_CONFIRM_ALREADY_READY,Notes for “%s” with settings “%s” are already ready.\nContinue generation?,Ноты для «%s» с настройками «%s» уже готовы.\nПродолжить генерацию?
SONG_GEN_CONFIRM_CONTINUE,Continue,Продолжить
SONG_GEN_CONFIRM_MASS_REGEN,"%s: some modes already have notes (%s), others are missing (%s).\nRegenerate existing ones too?","«%s»: для части режимов ноты уже есть (%s), для части отсутствуют (%s).\nПерегенерировать уже существующие тоже?"
SONG_GEN_CONFIRM_REGEN_ALL,Regenerate all,Перегенерировать все
SONG_DELETE,Delete,Удалить
SONG_RESULTS,Results,Результаты
SONG_SELECT_TITLE,Song library,Библиотека
SONG_SELECT_SUBTITLE,Choose a track — double-click to play. Optional run modifiers.,Выберите трек — двойной щелчок запускает уровень. Модификаторы забега по желанию.
TRACK_MEDALS_TITLE,Track medals,Медали трека
TRACK_MEDALS_HINT,Hover a medal to see how to earn it.,Наведите на медаль — условие получения ниже.
TRACK_MEDALS_COUNT_FMT,%d / %d,%d / %d
TRACK_MEDAL_first_clear_TITLE,First clear,Первое прохождение
TRACK_MEDAL_first_clear_DESC,Complete this track once.,Пройдите трек хотя бы один раз.
TRACK_MEDAL_first_clear_ABBR,1C,ПП
TRACK_MEDAL_grade_ss_TITLE,SS rank,Оценка SS
TRACK_MEDAL_grade_ss_DESC,Earn an SS grade on this track.,Получите оценку SS на этом треке.
TRACK_MEDAL_grade_ss_ABBR,SS,SS
TRACK_MEDAL_hidden_clear_TITLE,Hidden clear,Прохождение со Скрытыми
TRACK_MEDAL_hidden_clear_DESC,Clear with the Hidden (HD) modifier active.,Пройдите с модификатором Скрытые (СК).
TRACK_MEDAL_hidden_clear_ABBR,HD,СК
TRACK_MEDAL_modifier_duo_TITLE,Modifier duo,Два модификатора
TRACK_MEDAL_modifier_duo_DESC,Clear with at least two run modifiers enabled (Autoplay does not count).,Пройдите с двумя или более модификаторами (Автопилот не считается).
TRACK_MEDAL_modifier_duo_ABBR,M2,М2
TRACK_MEDAL_sudden_death_clear_TITLE,Sudden Death clear,Прохождение со Внезапной смертью
TRACK_MEDAL_sudden_death_clear_DESC,Clear with Sudden Death (SD) active — one miss fails the run.,Пройдите с Внезапной смертью (ВС): один промах = провал.
TRACK_MEDAL_sudden_death_clear_ABBR,SD,ВС
TRACK_MEDAL_hard_mode_clear_TITLE,Hard Mode clear,Усложнённый режим
TRACK_MEDAL_hard_mode_clear_DESC,Clear with at least one hardening modifier active.,Пройдите с любым модом из категории «Усложнение».
TRACK_MEDAL_hard_mode_clear_ABBR,HM,УР
TRACK_MEDAL_grinder_TITLE,Grinder,Настойчивость
TRACK_MEDAL_grinder_DESC,Clear this track three times.,Пройдите этот трек три раза.
TRACK_MEDAL_grinder_ABBR,x3,×3
TRACK_MEDAL_speed_run_TITLE,Speed Run,Быстрый забег
TRACK_MEDAL_speed_run_DESC,Clear with Double Time (DT) or Sudden (SN) active.,Пройдите с Double Time (DT) или Внезапными (ВН).
TRACK_MEDAL_speed_run_ABBR,SP,БЗ
GEN_SCREEN_TITLE,How to build a chart,Как построить чарт
GEN_SCREEN_HINT,Instrument mode and lanes for the next note generation.,"Инструмент, режим и количество линий для следующей генерации."
GEN_SCREEN_SUBTITLE,Saved defaults for every new chart you generate.,Параметры сохраняются и используются при каждой генерации
GEN_GOAL_SECTION_TITLE,Generation goal,Цель генерации
GEN_GOAL_SECTION_SUB,What matters most when building the chart.,Что важнее при построении карты
GEN_GOAL_ORIGINAL,Original,Оригинал
GEN_GOAL_ARCADE,Arcade,Аркада
GEN_GOAL_DESC_ORIGINAL,"Charts the track as-is: keeps the events the server detected in the audio, with minimal guessing or added notes.","Строит чарт как есть: сохраняет события, которые сервер нашёл в аудио, минимум додумывания и добавленных нот."
GEN_GOAL_DESC_ARCADE,"Builds a playable chart: fills gaps, aligns to the grid and shapes readable rhythm-game patterns.","Строит играбельный чарт: достраивает пропуски, выравнивает по сетке и делает читаемые ритм-паттерны."
GEN_DIFF_SECTION_TITLE,Chart difficulty,Сложность карты
GEN_DIFF_SECTION_SUB,Arcade only — how dense the chart should be. Original has a single documentary chart.,Только для Аркады — насколько плотной будет карта. У Оригинала одна документальная карта.
GEN_DIFF_RELAXED,Easy,Лёгкая
GEN_DIFF_STANDARD,Medium,Средняя
GEN_DIFF_DENSE,Hard,Сложная
GEN_DIFF_ORIGINAL_RELAXED,Backbone,Костяк
GEN_DIFF_ORIGINAL_STANDARD,As in original,Как в оригинале
GEN_DIFF_ORIGINAL_DENSE,As in audio,Как в аудио
GEN_DIFF_ORIGINAL_SINGLE,As in original,Как в оригинале
GEN_GOAL_DIFF_BLURB_ORIGINAL_RELAXED,Root line only — long notes and strong beats.,Только костяк линии — длинные ноты и сильные доли.
GEN_GOAL_DIFF_BLURB_ORIGINAL_STANDARD,Single documentary chart from what the server heard — no Easy/Med/Hard tiers.,Одна документальная карта по тому что услышал сервер — без лёгкой/средней/сложной.
GEN_GOAL_DIFF_BLURB_ORIGINAL_DENSE,Nearly everything the pitch track found.,Почти всё что нашёл pitch-трек.
GEN_GOAL_DIFF_BLURB_ARCADE_RELAXED,Simple patterns without overload.,Простые паттерны без перегруза.
GEN_GOAL_DIFF_BLURB_ARCADE_STANDARD,Rhythm-game feel: patterns groove and readability.,Ритм-игра: паттерны грув и читаемость.
GEN_GOAL_DIFF_BLURB_ARCADE_DENSE,Maximum gap-fill and density.,Максимум достройки и плотности.
GEN_PREVIEW_TITLE,Generation summary,Сводка генерации
GEN_PREVIEW_HERO_FMT,%s · %s · %d lanes,%s · %s · %d линии
GEN_PREVIEW_HERO_ORIGINAL_FMT,%s · %d lanes,%s · %d линии
GEN_PREVIEW_TUNING_DEFAULT,Default parameters for this style,Стандартные параметры для этого стиля
GEN_PREVIEW_TUNING_CUSTOM,Custom fine-tuning active,Активна тонкая подстройка
GEN_PREVIEW_TUNING_PRESET,Active preset «%s»,Активен пресет «%s»
GEN_TRACK_STATUS_TITLE,For the current track,Для текущего трека
GEN_INST_SECTION_SUB,What to generate,Что генерировать
GEN_INST_DRUMS_DESC,Rhythm built on precise percussion hits.,"Ритм, построенный на точных ударах ударных."
GEN_INST_FULLMIX_DESC,All instruments at once.,Все инструменты сразу
GEN_INST_BASS_DESC,Smooth grooves with sustained notes and slides.,"Плавные басовые линии с удержаниями и слайдами."
GEN_BETA,Beta,Бета
GEN_INST_GUITAR_DESC,Guitar part chart.,Партия гитары
GEN_INST_KEYS_DESC,Keyboard part chart.,Партия клавишных
GEN_INST_VOCALS_DESC,Vocal melody chart.,Вокальная мелодия
GEN_INST_BADGE_MAIN,Available,Доступно
GEN_SOON,Soon,Скоро
GEN_INST_BASS,Bass,Бас
GEN_INST_GUITAR,Guitar,Гитара
GEN_INST_KEYS,Keys,Клавиши
GEN_INST_VOCALS,Vocals,Вокал
GEN_MODE_SECTION_TITLE,Chart difficulty,Сложность карты
GEN_MODE_SECTION_SUB,Choose the overall chart character.,Выберите общий характер карты
GEN_INTENT_SECTION_TITLE,Chart style,Стиль карты
GEN_INTENT_SECTION_SUB,Base generation policy for the chart.,Базовая политика генерации карты
GEN_INTENT_ORIGINAL,Original,Оригинал
GEN_INTENT_GROOVE,Pulse,Пульс
GEN_INTENT_ARCADE,Arcade,Аркада
GEN_INTENT_SPARSE,Minimal,Минимум
GEN_INTENT_DESC_ORIGINAL,Timings closer to the track — minimal guessing.,Времена ближе к треку — минимум додумывания
GEN_INTENT_DESC_GROOVE,Steady pulse — gaps filled from nearby bars.,Ровный пульс — пропуски достраиваются по соседним тактам
GEN_INTENT_DESC_ARCADE,Rhythm-game patterns and readability — coming soon.,Ритм-игра: паттерны и читаемость — скоро
GEN_INTENT_DESC_SPARSE,Few notes — kick/snare skeleton.,Мало нот — каркас kick/snare
GEN_INTENT_TUNED_BADGE,Tuned,Настроено
GEN_INTENT_TUNED_TOOLTIP,Advanced parameters differ from this style's defaults.,Расширенные параметры отличаются от дефолта стиля
GEN_INTENT_PRESET_ACTIVE_TOOLTIP,Active preset «%s» — parameters from the saved slot.,Активен пресет «%s» — параметры из сохранённого слота
GEN_RESET_STYLE,Reset style to defaults,Сбросить стиль
GEN_RESET_STYLE_TOOLTIP,"Restore default parameters for the selected style. Clears the active preset slot.","Вернуть стандартные параметры выбранного стиля. Снимает активный пресет."
GEN_CLEAR_ACTIVE_PRESET,Clear active preset,Снять пресет
GEN_CLEAR_ACTIVE_PRESET_TOOLTIP,"Stop using the saved preset and keep the current style parameters.","Отключить сохранённый пресет, оставив текущие параметры стиля."
GEN_LANES_SECTION_SUB,Playfield width.,Ширина игрового поля
GEN_LANES_BTN_FMT,%d lanes,%d линии
GEN_ADVANCED_SECTION_TITLE,Additional settings,Дополнительные настройки
GEN_ADVANCED_SECTION_SUB,Fine-tune the generation algorithm.,Тонкая настройка алгоритма генерации
GEN_ADVANCED_BASS_HINT,For bass: stem separation only. Goal and difficulty define the chart.,"Для баса доступно только разделение на стемы — цель и сложность задают карту."
GEN_ADVANCED_TOGGLE_COLLAPSED,Show advanced parameters,Показать расширенные параметры
GEN_ADVANCED_TOGGLE_EXPANDED,Hide advanced parameters,Скрыть расширенные параметры
GEN_RESET_SETTINGS,Reset settings,Сбросить настройки
GEN_CONFIRM_APPLY,Confirm,Подтвердить
SONG_STATUS_READY,Ready,Готово
SONG_STATUS_NO_NOTES,No notes,Нет нот
SONG_GEN_STATUS_DONE,Notes generated,Ноты сгенерированы
SONG_GEN_STATUS_ERROR,Error: %s,Ошибка: %s
MISC_SERVER_AUTO,Automatic (this computer),Автоматически (этот компьютер)
MISC_SERVER_MANUAL,Manual (this computer),Вручную (этот компьютер)
MISC_GEN_SERVER_SECTION,Generation server,Сервер генерации
MISC_GEN_PARAMS_SECTION,Parameters,Параметры
MISC_UPDATES_SECTION,Updates,Обновления
MISC_DEBUG_SECTION,Debug,Отладка
MISC_SONGS_FOLDER_SECTION,Song folder,Папка песен
MISC_NOTES_FOLDER_SECTION,Notes folder,Папка нот
MISC_LIBRARY_OPTIONS_SECTION,Display options,Отображение
MISC_DATA_TOOLS_SECTION,Maintenance tools,Инструменты
MISC_DANGER_ACTIONS_SECTION,Destructive actions,Действия
GEN_WORKER_START_FAILED,Could not start the generation worker.,Не удалось запустить фоновый сервис генерации.
GEN_WORKER_TIMEOUT,Generation worker did not respond in time.,Сервис генерации не ответил вовремя.
GEN_WORKER_NOT_CONFIGURED,Generation worker is not configured. See worker/server_root.path.,Сервис генерации не настроен. См. worker/server_root.path.
GEN_WORKER_MANUAL_REQUIRED,Generation server is not running. Start RhythmFallServer or switch to automatic mode.,Сервер генерации не запущен. Запустите RhythmFallServer или включите автоматический режим.
GEN_WORKER_STARTING,Starting local worker...,Запускаем локальный worker...
GEN_API_CONNECTING,Connecting to server...,Подключение к серверу...
GEN_API_CONNECTED,Connection established,Соединение установлено
GEN_API_OPENING_FILE,Opening file,Открытие файла
GEN_API_BUILDING_REQUEST,Building request,Формирование запроса
GEN_API_SENDING_DATA,Sending data,Отправка данных
GEN_API_SENDING_REQUEST,Sending request,Отправка запроса
GEN_API_RECEIVING_RESPONSE,Receiving response,Получение ответа
GEN_API_PROCESSING_RESPONSE,Processing response,Обработка ответа
GEN_API_FETCHING_RESULT,Fetching result from server,Получение результата с сервера
GEN_API_MANUAL_ID_REQUIRED,Manual track identification required,Требуется ручная идентификация трека
GEN_API_TRACK_IDENTIFY,Identifying track...,Идентификация трека...
GEN_API_DETECTING_GENRES,Detecting genres...,Определение жанров...
GEN_API_SPLITTING_STEMS,Splitting stems...,Разделение на стемы...
GEN_API_DRUM_DETECTION,Detecting drums...,Детекция ударных...
GEN_API_BASS_LINE_ANALYSIS,Analyzing bass line...,Анализ басовой линии...
GEN_API_BASS_CHART_BUILD,Building bass chart...,Сборка бас-чарта...
GEN_API_SAVING_NOTES,Saving notes...,Сохранение нот...
GEN_API_BUILDING_RESPONSE,Building response...,Формирование ответа...
GEN_NOTIF_BPM_FOR,Computing BPM for %s (1/%d),Вычисление BPM для %s (1/%d)
GEN_NOTIF_BPM_DONE,BPM computed: %d for %s,BPM вычислен: %d для %s
GEN_NOTIF_BPM_CANCELLED,BPM computation cancelled,Вычисление BPM отменено
GEN_NOTIF_BPM_ERROR,BPM computation error: %s,Ошибка вычисления BPM: %s
GEN_NOTIF_NOTES_FOR,Generating notes for %s (1/%d)%s,Генерация нот для %s (1/%d)%s
GEN_NOTIF_NOTES_DONE,%s: Generation complete%s,%s: Генерация завершена%s
GEN_NOTIF_NOTES_CANCELLED,Generation cancelled,Генерация отменена
GEN_NOTIF_NOTES_ERROR,%s: Error %s%s,%s: Ошибка %s%s
GEN_WAIT_NOTES_BUSY,Waiting for note generation…,Ожидание генерации нот…
GEN_WAIT_BPM_BUSY,Waiting for BPM analysis…,Ожидание расчёта BPM…
GEN_QUEUE_BPM,BPM queue: %d,Очередь BPM: %d
GEN_QUEUE_NOTES,Generation queue: %d,Очередь генерации: %d
GEN_QUEUE_DIALOG_TITLE,Generation queue,Очередь генерации
GEN_QUEUE_DIALOG_SUMMARY_FMT,%d active · %d waiting,%d активна · %d ожидают
GEN_QUEUE_ROW_BPM,BPM analysis,Вычисление BPM
GEN_QUEUE_ROW_SETTINGS_FMT,%s • %s,%s • %s
GEN_QUEUE_BLOCKED_BPM,Waiting for BPM to finish,Ожидает завершения BPM
GEN_QUEUE_BLOCKED_NOTES,Waiting for previous generation,Ожидает предыдущую генерацию
GEN_QUEUE_BLOCKED_DELAY,Starting soon…,Скоро начнётся…
GEN_QUEUE_ALREADY,Already in queue,Уже в очереди
GEN_QUEUE_EMPTY,Queue is empty,Очередь пуста
GEN_QUEUE_NEXT_IN_FMT,Next task in ~%d sec,Следующая задача через ~%d с
GEN_QUEUE_CLICK_HINT,Click the status notification to open this panel.,Нажмите на уведомление в углу чтобы открыть панель.
GEN_QUEUE_BTN_CLOSE,Close,Закрыть
GEN_QUEUE_BTN_CLEAR,Clear queue,Очистить очередь
GEN_QUEUE_BTN_CLEAR_TOOLTIP,"Cancel the active task and remove all pending jobs from the queue.","Отменить текущую задачу и убрать все ожидающие из очереди."
GEN_QUEUE_OPEN_HINT,Click to open the queue,"Нажмите, чтобы открыть очередь"
GEN_QUEUE_GROUP_COUNT_FMT,(%d tasks),(%d задач)
GEN_QUEUE_PROMOTE,Run next,Выполнить следующей
GEN_QUEUE_DEMOTE,Move down in queue,Опустить в очереди
GEN_QUEUE_HISTORY_TITLE,Recent,Недавно
GEN_QUEUE_HISTORY_EMPTY,No recent tasks yet,Недавних задач пока нет
GEN_QUEUE_SONG_MODES_TITLE,Charts by mode,Чарты по режимам
GEN_QUEUE_SONG_MODES_HINT,Click a track row to see chart status by mode.,Нажмите на строку трека чтобы увидеть статус чартов по режимам.
GEN_QUEUE_HISTORY_DONE,done,готово
GEN_QUEUE_HISTORY_ERROR,failed,ошибка
GEN_QUEUE_HISTORY_CANCELLED,cancelled,отменено
GEN_QUEUE_OFFLINE_BANNER,Server unavailable — queue paused. %s,Сервер недоступен — очередь на паузе. %s
GEN_QUEUE_OFFLINE_RETRY,Retry,Повторить
GEN_QUEUE_ETA_FMT,≈ %d min remaining,≈ %d мин осталось
GEN_QUEUE_EXIT_TITLE,Generation queue is active,Очередь генерации активна
GEN_QUEUE_EXIT_MSG,"Generation is still running. Cancel to keep working, or clear the queue and quit.","Генерация ещё идёт. Отмена — продолжить работу; «Очистить очередь и выйти» — остановить и закрыть игру."
GEN_QUEUE_EXIT_CLEAR_AND_QUIT,Clear queue and quit,Очистить очередь и выйти
GEN_BULK_QUEUE_MENU,Queue all,В очередь
GEN_BULK_SETTINGS_SECTION,Mass queue,Массовая очередь
GEN_BULK_SETTINGS_HINT,"Queues the entire library — the selected track does not matter. Notes follow Chart readiness above (instruments × goals × difficulties).","Ставит в очередь всю библиотеку — какой трек выбран, не важно. Ноты — по «Готовности чартов» выше (инструменты × цели × сложности)."
GEN_BULK_QUEUE_BPM_ALL,BPM for all library tracks,BPM для всех треков
GEN_BULK_QUEUE_NOTES_ALL,Generate notes for all library tracks,Генерация нот для всех треков
GEN_BULK_QUEUE_CONFIRM,Add to queue,Поставить в очередь
GEN_BULK_QUEUE_BPM_CONFIRM,Queue BPM analysis for %d tracks?,Поставить в очередь вычисление BPM для %d треков?
GEN_BULK_QUEUE_NOTES_CONFIRM,Queue note generation for all %d tracks (per Chart readiness above)?,Поставить в очередь генерацию нот для всех %d треков (по «Готовности чартов» выше)?
GEN_BULK_QUEUE_BPM_DONE_FMT,Queued BPM: %d · skipped %d · total %d,В очереди BPM: %d · пропущено %d · всего %d
GEN_BULK_QUEUE_NOTES_DONE_FMT,Queued notes: %d · skipped %d · jobs %d · no BPM %d,В очереди нот: %d · пропущено %d · задач %d · без BPM %d
GEN_BULK_QUEUE_BPM_NONE,No tracks need BPM (disable “regenerate everything” to include existing),Нет треков без BPM (выключите «перегенерировать всё» чтобы включить существующие)
GEN_BULK_QUEUE_NOTES_NONE,No note jobs to queue (check scope / force regen setting),Нет задач для очереди (проверьте scope / настройку перегенерации)
GEN_STATUS_NETWORK_WAIT,Connecting to generation server…,Подключение к серверу генерации…
NOTIF_CANCEL,(Space) Cancel,(Пробел) Отмена
NOTIF_RETRY,Retry,Повторить
SONG_DELETE_TITLE,Delete track,Удалить трек
SONG_DELETE_CONFIRM,"Delete «%s» from the library?\n\nThe file on disk, generated notes, and result history will be removed. This cannot be undone.","Удалить «%s» из библиотеки?\n\nБудет удалён файл с диска, сгенерированные ноты и история результатов. Действие необратимо."
SONG_DELETE_BUILTIN,Built-in tracks from the game package cannot be deleted.,Встроенные треки из комплекта игры удалить нельзя.
SONG_DELETE_FAIL,Could not delete the track file.,Не удалось удалить файл трека.
SONG_DELETE_NOTICE_TITLE,Deletion,Удаление
SONG_DUPLICATE_MSG,"This track is already in the library: «%s».\n\nUse the existing entry — do not add a duplicate.","Этот трек уже есть в библиотеке: «%s».\n\nИспользуйте существующую запись — не добавляйте дубликат."
SONG_TOOLTIP_EDIT,Double-click to edit,Двойной клик — редактировать
SONG_TOOLTIP_BUILTIN_DELETE,Built-in tracks cannot be deleted,Встроенные треки из комплекта игры удалить нельзя
GEN_INST_DRUMS,Percussion,Перкуссия
GEN_INST_FULLMIX,Full mix,Общий микс
GEN_MODE_MINIMAL,Minimal,Минимал
GEN_MODE_BASIC,Basic,Базовый
GEN_MODE_ENHANCED,Enhanced,Усложнённый
GEN_MODE_NATURAL,Natural,Натуральный
GEN_MODE_CUSTOM,Custom,Пользовательский
GEN_PRESET_CARD_NONE,No preset selected,Пресет не выбран
GEN_MODE_DESC_MINIMAL,Fewer notes — easier to read and play.,Меньше нот — проще читать и играть
GEN_MODE_DESC_BASIC,Balanced chart. Good default for most tracks.,Сбалансированная карта. Хороший выбор по умолчанию
GEN_MODE_DESC_ENHANCED,Dense chart with more notes to hit.,Плотная карта с большим числом нот
GEN_MODE_DESC_NATURAL,Follows the track closely with little smoothing.,Ближе к оригиналу трека без лишней подгонки
GEN_MODE_DESC_CUSTOM,Manual tuning via sliders below.,Ручная настройка слайдерами ниже
GEN_SMART_RECOMMENDED,Recommended,Рекомендуемо
GEN_SMART_HINT_FMT,For this track: %s — %s,Для этого трека: %s — %s
GEN_SMART_REASON_DEFAULT,Good default for most tracks.,Универсальный выбор для большинства треков.
GEN_SMART_REASON_METAL_FAST,Fast metal — stable grid without fill spam.,Быстрый метал — стабильная сетка без лишних fill.
GEN_SMART_REASON_METAL,Metal — balanced density and section protection.,Метал — сбалансированная плотность и защита тихих тактов.
GEN_SMART_REASON_ROCK_FAST,Fast rock — stable grid without fill spam.,Быстрый рок — стабильная сетка без лишних fill.
GEN_SMART_REASON_ROCK,Rock — balanced density and section protection.,Рок — сбалансированная плотность и защита тихих тактов.
GEN_SMART_REASON_CHILL,Calm groove — fewer stray hits.,Спокойный грув — меньше лишних ударов.
GEN_SMART_REASON_EDM,EDM tempo — balanced chart.,Темп EDM — сбалансированная карта.
GEN_SMART_REASON_DENSE_ELECTRONIC,Dense electronic mix — controlled hat density.,Плотный электронный микс — контроль хэтов.
GEN_SMART_REASON_SLOW_AMBIENT,Slow track — closer to natural rhythm.,Медленный трек — ближе к естественному ритму.
GEN_SMART_REASON_WEAK_DRUMS,Weak drums in last chart — Basic is safer.,Слабые ударные в прошлой карте — Базовый надёжнее.
GEN_SMART_REASON_QUIET_SECTIONS,Many quiet-drum sections (%d) — Basic handles breakdowns better.,Много тактов без ударных (%d) — Базовый лучше для брейкдаунов.
GEN_SMART_WARN_ENHANCED_CHILL,Enhanced often adds extra hats on calm tracks.,Усложнённый часто добавляет лишние хэты на спокойных треках.
GEN_SMART_WARN_ENHANCED_METAL,Enhanced can blur blast beats — Basic is steadier here.,Усложнённый может «размазать» бласт-биты — здесь стабильнее Базовый.
GEN_SMART_WARN_ORIGINAL_DENSE,Original may miss fast patterns on this track.,Оригинал может пропустить быстрые паттерны на этом треке.
GEN_SMART_WARN_MINIMAL_BUSY,Minimal may be too sparse for this groove.,Минимал может быть слишком разреженным для этого грува.
GEN_SMART_TRACK_PERCUSSION,Weak drums in last chart — see Rhythm DNA.,Слабые ударные в прошлой карте — см. Rhythm DNA.
GEN_FILL_TOOLTIP,"Adds notes in quiet spots between the main hits.","Добавляет ноты в «пустые» места между основными ударами."
GEN_GROOVE_TOOLTIP,"How lively and varied the rhythm feels.","Насколько живой и разнообразный получается ритм."
GEN_DENSITY_TOOLTIP,"How many notes overall — from few to many.","Сколько всего нот — от «мало» до «много»."
GEN_GRID_SNAP_TOOLTIP,"How evenly notes line up with the beat. Lower = freer, higher = steadier.","Насколько ровно ноты ложатся в такт. Меньше — свободнее, больше — ровнее."
GEN_GENRE_TEMPLATE_TOOLTIP,"How much the song's style (rock, pop, etc.) shapes the chart.","Насколько стиль песни (рок, поп и т.д.) влияет на карту."
GEN_ACCENT_STRONG_TOOLTIP,"Make notes on the main beats stand out more.","Сильнее выделять ноты на главных ударах в такте."
GEN_ENABLE_GENRE_TOOLTIP,"Guess the song's genre so the chart fits better.","Угадывать жанр песни, чтобы карта лучше подходила."
GEN_ENABLE_STEMS_TOOLTIP,"Listen to drums separately for better results (takes a bit longer).","Отдельно слушать ударные в треке — точнее, но чуть дольше."
GEN_INCLUDE_HI_HATS,Include hi-hats,Включать тарелки
GEN_INCLUDE_HI_HATS_TOOLTIP,"Add hi-hat hits from the drum detector to the chart. Off for a kick/snare-only map; on trap and electronic tracks may add extra notes.","Добавлять удары тарелок из детектора в карту. Выкл. — только kick/snare; на trap и электронике может добавить лишние ноты."
GEN_CRITIC_STRENGTH,Noise cleanup,Чистка шума
GEN_CRITIC_STRENGTH_TOOLTIP,"How aggressively quiet or stray hits are removed (section pass). Higher = fewer notes, cleaner chart.","Насколько агрессивно убираются тихие и лишние удары (section pass). Выше — меньше нот, чище карта."
GEN_GROOVE_COMPLETION,Fill gaps,Достраивать пропуски
GEN_GROOVE_COMPLETION_TOOLTIP,"Add missing hits when the same beat position repeats in nearby bars. Pulse style only.","Добавлять пропущенные удары, если та же доля повторяется в соседних тактах. Только для стиля «Пульс»."
GEN_GROOVE_COMPLETION_LOCKED_TOOLTIP,"Not available for this style — Original and Minimal keep the detector output as-is.","Недоступно для этого стиля — «Оригинал» и «Минимум» не достраивают пропуски."
GEN_RAW_ADTOF,Minimal processing (raw ADTOF),Минимум обработки (сырой ADTOF)
GEN_RAW_ADTOF_TOOLTIP,"Skip critic and most smoothing — closest to raw ADTOF times. Pulse style only.","Без critic и лишней подгонки — максимально близко к сырым временам ADTOF. Только для «Пульс»."
GEN_RAW_ADTOF_LOCKED_TOOLTIP,"Not available for this style — use Original for fidelity-first charts.","Недоступно для этого стиля — для максимальной близости к треку выберите «Оригинал»."
GEN_PRESET_ROW_CRITIC,Noise cleanup,Чистка шума
GEN_PRESET_ROW_GROOVE_COMPLETION,Fill gaps,Достраивать пропуски
GEN_PRESET_ROW_RAW_ADTOF,Raw ADTOF,Сырой ADTOF
GEN_PRESETS_BUTTON,Presets,Пресеты
GEN_PRESETS_TITLE,Generation presets,Пресеты генерации
GEN_PRESET_SLOT_DEFAULT,Slot %d,Слот %d
GEN_PRESET_DETAIL_CAPTION,About preset,О пресете
GEN_PRESET_EMPTY_HINT,Empty slot — save current settings to store a preset.,Пустой слот — сохраните текущие настройки.
GEN_PRESET_OVERWRITE_CONFIRM,Overwrite preset "%s"?,Заменить пресет «%s»?
GEN_PRESET_DELETE_CONFIRM,Delete preset "%s"?,Удалить пресет «%s»?
GEN_PRESET_META,Updated %s · used %d times,Обновлён %s · использован %d раз
GEN_PRESET_MODE_CAPTION,Mode,Режим
GEN_PRESET_PARAMS_HEADER,Parameters,Параметры
GEN_PRESET_LANES_FMT,%d lanes,%d линий
GEN_PRESET_STAT_GROOVE,Groove: %s,Живость: %s
GEN_PRESET_STAT_FILL,Fill: %s,Заполнение: %s
GEN_PRESET_STAT_DENSITY,Density: %s,Плотность: %s
GEN_PRESET_STAT_HATS,Hi-hats: %s,Тарелки: %s
GEN_PRESET_HATS_ON,on,вкл.
GEN_PRESET_HATS_OFF,off,выкл.
GEN_PRESET_SUMMARY_LANES,lanes,линий
GEN_PRESET_SUMMARY_HATS,hats,тарелки
GEN_PRESET_SUMMARY_NO_HATS,no hats,без тарелок
GEN_PRESET_ROW_INSTRUMENT,Instrument,Инструмент
GEN_PRESET_ROW_MODE,Mode,Режим
GEN_PRESET_ROW_LANES,Lanes,Линии
GEN_PRESET_ROW_FILL,Fill,Заполнение
GEN_PRESET_ROW_GROOVE,Groove,Живость
GEN_PRESET_ROW_DENSITY,Density,Плотность
GEN_PRESET_ROW_GRID,Grid snap,Привязка к сетке
GEN_PRESET_ROW_GENRE_TEMPLATE,Genre template,Жанровый шаблон
GEN_PRESET_ROW_ACCENT,Accent strong beats,Акцент сильной доли
GEN_PRESET_ROW_GENRE_DETECT,Genre detection,Определение жанра
GEN_PRESET_ROW_STEMS,Stem separation,Разделение на стемы
GEN_PRESET_ROW_HI_HATS,Hi-hats,Тарелки
GEN_PRESET_CHART_READY,Chart ready,Чарт найден
GEN_PRESET_CHART_MISSING,Chart not created yet,Чарт ещё не создан
GEN_PRESET_CHART_READY_TIP,This preset already has its own generated chart.,У этого пресета уже есть свой сгенерированный чарт.
GEN_PRESET_CHART_MISSING_TIP,No notes generated yet for this preset — press Generate to create it.,"Для этого пресета ещё нет нот — нажмите «Сгенерировать», чтобы их создать."
GEN_STATUS_PRESET_LABEL,Preset:,Пресет:
GEN_PRESET_DIRTY_GEN_TITLE,Settings differ from the active preset.,Настройки отличаются от активного пресета.
GEN_PRESET_DIRTY_GEN_SAVE,Save changes to preset,Сохранить изменения в пресет
GEN_PRESET_DIRTY_GEN_TEMP,Generate as temporary Custom,Генерировать как временный Custom
GEN_PRESET_MASS_BLOCKED,Mass generation is only available for production modes. Exit the active preset first.,Массовая генерация доступна только для production-режимов. Сначала выйдите из активного пресета.
GEN_PRESET_BOOL_YES,yes,да
GEN_PRESET_BOOL_NO,no,нет
GEN_TITLE,Select instrument,Выберите инструмент
GEN_PARAMS_TITLE,Chart settings,Настройки чарта
GEN_LANES_LABEL,Lane count,Количество линий
GEN_ADVANCED,Advanced settings,Расширенные настройки
GEN_FILL,Fill,Заполнение
GEN_GROOVE,Groove,Живость
GEN_DENSITY,Density,Плотность
GEN_GRID_SNAP,Grid snap,Привязка к сетке
GEN_GENRE_TEMPLATE,Genre template strength,Сила жанрового шаблона
GEN_ACCENT_STRONG,Accent strong beats,Акцент сильной доли
GEN_ENABLE_GENRE,Enable genre detection,Включить определение жанров
GEN_ENABLE_STEMS,Enable stem separation,Включить разделение на stem'ы
GEN_CONFIRM,Confirm,Подтвердить
SONG_RESULTS_BEST,Best result,Лучший результат
SONG_RESULTS_HISTORY,Attempt history (newest first),История попыток (сначала новые)
SONG_RESULTS_NONE,No results for this song,Нет результатов для этой песни
SONG_RESULTS_LINE,%s - %d pts (%.0f%%) [%s] - %s,%s - %d очков (%.0f%%) [%s] - %s
META_EDIT_TITLE,Edit metadata,Редактирование метаданных
META_EDIT_HINT,Edit fields and save — only changes go to the list,Измените поля и сохраните — в список попадут только отличия
META_FIELD_TITLE,Title,Название
META_FIELD_ARTIST,Artist,Исполнитель
META_FIELD_YEAR,Year,Год
META_FIELD_BPM,BPM,BPM
META_FIELD_DURATION,Duration,Длительность
META_FIELD_GENRE,Genre,Жанр
META_GENRE_NONE,not specified,не указан
GENRE_PICK_TITLE,Select genre,Выберите жанр
GENRE_PICK_HINT,"Genre affects achievements and how the server builds chart patterns.","Жанр влияет на достижения и на то, как сервер строит паттерны карты."
GENRE_SEARCH,Search,Поиск
GENRE_SEARCH_PLACEHOLDER,Search genre…,Поиск жанра…
GENRE_RESET,Reset genre,Сбросить жанр
GENRE_CONFIRM,Confirm,Подтвердить
GENRE_SERVER_TITLE,Detected by server,Определено сервером
GENRE_REFRESH_ANALYSIS,Refresh analysis,Обновить анализ
GENRE_REFRESHING,Analyzing…,Анализ…
GENRE_SERVER_HINT,Select an entry in the list to set it as the track's primary genre.,"Выберите вариант в списке, чтобы назначить его основным жанром трека."
GENRE_SELECTED_TITLE,Selected genre,Выбранный жанр
GENRE_SELECTED_HINT,Selected genre will be saved in track metadata.,Выбранный жанр сохранится в метаданных трека.
GENRE_NO_PREDICTIONS,No analysis yet. Press Refresh analysis.,Нет данных анализа. Нажмите «Обновить анализ».
GENRE_ANALYSIS_ERROR,Analysis failed: %s,Ошибка анализа: %s
GENRE_FOOTER_HINT,Esc — cancel · Enter — confirm,Esc — отмена · Enter — подтвердить
GENRE_STATUS_CONNECTING,Connecting to server…,Подключение к серверу…
GENRE_STATUS_READING_FILE,Reading audio file…,Чтение аудиофайла…
GENRE_STATUS_UPLOADING,Sending %.1f MB to server…,Отправка %.1f МБ на сервер…
GENRE_STATUS_ANALYZING,Server is analyzing audio…,Сервер анализирует аудио…
GENRE_PREDICTIONS_CACHED,Shown from saved analysis (no upload). Press Refresh to re-analyze.,Показано из сохранённого анализа (без отправки). «Обновить» — повторный анализ.
GENRE_PREDICTIONS_FRESH,Analysis updated just now.,Анализ только что обновлён.
VALUE_NO_TITLE,No title,Без названия
SONG_STATUS_NOTES_READY,Notes ready,Ноты готовы
GEN_INST_MIX,Mix,Микс
GEN_INST_STANDARD,Standard,Стандарт
GEN_SLIDER_FMT,%s (%s%%),%s (%s%%)
META_EDIT_YEAR_TITLE,Edit year,Редактировать год
META_EDIT_YEAR_PROMPT,Enter release year:,Введите год выпуска:
META_EDIT_TITLE_TITLE,Edit title,Редактировать название
META_EDIT_TITLE_PROMPT,Enter new title:,Введите новое название:
META_EDIT_FIELD_TITLE,Edit %s,Редактировать %s
META_EDIT_FIELD_PROMPT,Enter new value for "%s":,Введите новое значение для "%s":
META_EDIT_BPM_TITLE,Edit BPM,Редактировать BPM
META_EDIT_BPM_PROMPT,Enter new BPM (empty to clear; minimum 90):,Введите новый BPM (пусто — очистить; минимум 90):
META_EDIT_BPM_PLACEHOLDER,e.g. 120,Например: 120
META_PLACEHOLDER_TITLE,Track title,Название трека
META_PLACEHOLDER_ARTIST,Artist name,Имя исполнителя
META_SAVE,Save,Сохранить
META_SAVE_CHANGES,Save changes,Сохранить изменения
META_BPM_FROM_SERVER,From server,От сервера
META_GENRE_FIELD_HINT,"Affects achievements and how the server builds chart patterns.","Влияет на достижения и на то, как сервер строит паттерны."
META_INFO_EMPTY,"Empty values will not be saved.","Пустые значения не будут сохранены."
META_ESC_CANCEL,[Esc] Press Esc to cancel,Esc — отмена
META_FIELD_FILE_SIZE,File size,Размер файла
META_FIELD_FILE_PATH,File path,Путь к файлу
META_FIELD_DATE_ADDED,Added,Добавлен
GAME_SCORE_FMT,Score: %d,Счёт: %d
GAME_JUDGE_PERFECT,PERFECT,ИДЕАЛЬНО
GAME_JUDGE_GOOD,GOOD,ХОРОШО
GAME_JUDGE_MISS,MISS,ПРОМАХ
GAME_HINT_SKIP_COUNTDOWN,Press Space to skip countdown,"Нажмите пробел, чтобы пропустить отсчёт"
GAME_HINT_SKIP_INTRO,Press Space to skip intro,"Нажмите пробел, чтобы пропустить вступление"
GAME_HINT_SKIP_TO_RESULTS,Press Space to view results,"Нажмите пробел, чтобы перейти к результатам"
GAME_HINT_SKIP_TO_NEXT_TRACK,Press Space to continue to the next song,"Нажмите пробел, чтобы перейти к следующей песне"
GAME_HINT_DYNAMIC_LANES,Lanes: %d → %d,Линий: %d → %d
GAME_NOTICE_DYNAMIC_LANES,%d lanes · now %d,%d линии · теперь %d
GAME_TIMING_DEBUG_TITLE,Timing [debug],Тайминг [отладка]
GAME_TIMING_DEBUG_LATENCY,Output latency: %.1f ms,Задержка вывода: %.1f мс
GAME_TIMING_DEBUG_DRIFT,music − game_time: %.1f ms,music − game_time: %.1f мс
GAME_TIMING_DEBUG_AVG_HIT,avg(hit−note): %.1f ms (n=%d),avg(hit−note): %.1f мс (n=%d)
GAME_TIMING_DEBUG_LAST,last: %.1f ms,последн.: %.1f мс
GAME_TIMING_DEBUG_AP_HEADER,autoplay: avg by line (no offset),autoplay: avg по линии (без offset)
GAME_TIMING_DEBUG_AP_AVG,avg(line): %.1f ms  last: %.1f ms,avg(линия): %.1f мс  посл.: %.1f мс
GAME_TIMING_DEBUG_HINT_EARLY_LATE,"<0 earlier than chart, >0 later","<0 раньше чарта, >0 позже"
GAME_TIMING_DEBUG_HINT_OFFSET,hit−note includes offset from settings,hit−note = с учётом offset в настройках
PAUSE_TITLE,PAUSE,ПАУЗА
PAUSE_RESUME,RESUME,ПРОДОЛЖИТЬ
PAUSE_RESTART,RESTART,ПЕРЕЗАПУСТИТЬ
PAUSE_SONG_SELECT,SONG SELECT,ВЫБОР ПЕСНИ
PAUSE_EXIT_MENU,EXIT TO MENU,ВЫЙТИ В МЕНЮ
VICTORY_TITLE,VICTORY,ПОБЕДА
VICTORY_MODIFIERS_FMT,Modifiers: %s,Модификаторы: %s
VICTORY_MODIFIERS_NONE,No run modifiers,Без модификаторов забега
VICTORY_GRADE_FMT,Grade: %s,Оценка: %s
VICTORY_RR_FMT,Rhythm Rating: %d,Rhythm Rating: %d
VICTORY_RR_REPEAT_FMT,Rhythm Rating: %d (chart best),Rhythm Rating: %d (лучший для чарта)
VICTORY_RR_PLUS_FMT,RR +%d,RR +%d
VICTORY_RR_REPEAT_PLUS_FMT,RR %d (best),RR %d (лучший)
VICTORY_FIRST_CLEAR,FIRST CLEAR,ПЕРВОЕ ПРОХОЖДЕНИЕ
VICTORY_COMBO_FMT,Combo: %d,Комбо: %d
VICTORY_MAX_COMBO_FMT,Max combo: %d,Максимальное комбо: %d
VICTORY_ACCURACY_FMT,Accuracy: %.1f%%,Точность: %.1f%%
VICTORY_CURRENCY_FMT,Currency this level: %d,Валюта за уровень: %d
VICTORY_XP_FMT,XP this level: %d,XP за уровень: %d
VICTORY_HITS_FMT,Hits: %d,Попаданий: %d
VICTORY_MISSES_FMT,Misses: %d,Промахов: %d
VICTORY_REPLAY,PLAY AGAIN,ЕЩЁ РАЗ
VICTORY_SONG_SELECT,SONG LIST,ВЫБОР ПЕСНИ
VICTORY_STAT_SCORE,SCORE,СЧЁТ
VICTORY_STAT_COMBO,COMBO,КОМБО
VICTORY_STAT_MAX_COMBO,MAX COMBO,МАКС КОМБО
VICTORY_STAT_ACCURACY,ACCURACY,ТОЧНОСТЬ
VICTORY_STAT_PERFECT,PERFECT,ИДЕАЛЬНО
VICTORY_STAT_GOOD,GOOD,ХОРОШО
VICTORY_STAT_MISS,MISS,ПРОМАХ
ACH_DATE_UNKNOWN,Unknown date,Дата неизвестна
ACH_DATE_EARLIER,Earlier,Ранее
VICTORY_RECOMMEND_SECTION,RECOMMENDATION,РЕКОМЕНДАЦИЯ
VICTORY_REWARDS_TITLE,REWARDS,НАГРАДЫ
VICTORY_REWARD_CURRENCY,CURRENCY,ВАЛЮТА
VICTORY_REWARD_XP,XP,ОПЫТ
VICTORY_REWARDS_HINT,Click for details,Кликните для деталей
VICTORY_RECOMMEND_NEXT_LABEL,Next track,Следующий трек
VICTORY_RECOMMEND_REASON_BPM,similar BPM · %d,похожий BPM · %d
VICTORY_RECOMMEND_REASON_GENRE,similar genre · %s,похожий жанр · %s
VICTORY_RECOMMEND_REASON_HARDER,harder chart · %s/10,сложнее · %s/10
VICTORY_RECOMMEND_REASON_RANDOM,random pick,случайный выбор
VICTORY_RECOMMEND_REASON_SIMILAR,similar difficulty,схожая сложность
VICTORY_NEXT_TRACK,Next track,СЛЕДУЮЩИЙ ТРЕК
VICTORY_CONTINUE,CONTINUE,ПРОДОЛЖИТЬ
VICTORY_META_FMT,%s · %s · %s · %s,%s · %s · %s · %s
VICTORY_NEW_BEST,NEW PERSONAL BEST,НОВЫЙ РЕКОРД
VICTORY_NEW_BEST_SCORE,NEW BEST,НОВЫЙ РЕКОРД
VICTORY_NEW_BEST_SCORE_FMT,NEW BEST (+%s),НОВЫЙ РЕКОРД (+%s)
VICTORY_DELTA_RR_FMT,▲ RR +%d,▲ RR +%d
VICTORY_DELTA_ACCURACY_FMT,(+%.2f%%),(+%.2f%%)
VICTORY_DELTA_ACCURACY_BANNER,▲ Accuracy +%.2f%%,▲ Точность +%.2f%%
VICTORY_DELTA_COMBO_FMT,(+%d),(+%d)
VICTORY_DELTA_COMBO_BANNER,▲ Highest combo +%d,▲ Max combo +%d
VICTORY_VS_LAST_SCORE_FMT,vs last: %+d,к прошлому: %+d
VICTORY_VS_LAST_ACCURACY_FMT,vs last: %+.2f%%,к прошлому: %+.2f%%
VICTORY_VS_LAST_COMBO_FMT,vs last combo: %+d,к прошлому combo: %+d
VICTORY_SKIP_COUNTUPS_HINT,Space — skip to results,Пробел — сразу к результату
VICTORY_XP_PROGRESS_FMT,%d%% · %d XP to next level,%d%% · до уровня %d XP
TUTORIAL_STEP_FMT,Step %d / %d,Шаг %d / %d
TUTORIAL_SKIP,Skip,Пропустить
TUTORIAL_BACK,Back,Назад
TUTORIAL_NEXT,Next,Далее
TUTORIAL_DONE,Got it,Понятно
TUTORIAL_NAV_HINT,"← / → — steps · Enter — next","← / → — шаги · Enter — далее"
TUTORIAL_SS_1_TITLE,Choose a song,Выберите песню
TUTORIAL_SS_1_BODY,Pick a track from the list on the left — details and actions appear on the right.,Выберите трек в списке слева — справа появятся детали и действия.
TUTORIAL_SS_2_TITLE,Generation settings,Параметры генерации
TUTORIAL_SS_2_BODY,"Set instrument, mode, and lane count before generating notes.","Задайте инструмент, режим и число линий перед генерацией нот."
TUTORIAL_SS_MODS_TITLE,Run modifiers (optional),Модификаторы забега (по желанию)
TUTORIAL_SS_MODS_BODY,"Optional osu-style rules before play — HT/DT, No Fail, Hidden, and more.","Необязательные правила перед игрой — HT/DT, No Fail, Hidden и др."
TUTORIAL_MODS_1_TITLE,Categories,Категории
TUTORIAL_MODS_1_BODY,"Browse Overview or pick a category: easing, hardening, special, or Rhythm DNA.","Смотрите Обзор или выберите категорию: облегчающие, усложняющие, особые или Rhythm DNA."
TUTORIAL_MODS_2_TITLE,Modifier cards,Карточки модов
TUTORIAL_MODS_2_BODY,Click a card to toggle it. Select a mod to see details on the right.,Нажмите карточку — включить или выключить мод. Выберите мод — справа появятся детали.
TUTORIAL_MODS_3_TITLE,Gear icon,Шестерёнка
TUTORIAL_MODS_3_BODY,Mods with a gear icon have adjustable parameters — reward and difficulty can be tuned.,У модов с шестерёнкой есть настраиваемые параметры — можно менять награду и сложность.
TUTORIAL_MODS_4_TITLE,Parameters,Параметры
TUTORIAL_MODS_4_BODY,Open Parameters on the right — sliders apply to the selected mod on the next run.,Откройте «Параметры» справа — слайдеры действуют на выбранный мод в следующем забеге.
TUTORIAL_MODS_5_TITLE,Confirm,Подтвердить
TUTORIAL_MODS_5_BODY,Confirm applies rules to the next run. Reset clears all mods.,«Подтвердить» — применить к следующему забегу. «Сбросить» — очистить все моды.
TUTORIAL_SS_3_TITLE,Generate notes,Генерация нот
TUTORIAL_SS_3_BODY,Analyze BPM if needed — then generate the chart for the selected track.,При необходимости определите BPM — затем сгенерируйте чарт для выбранного трека.
TUTORIAL_SS_4_TITLE,Play,Играть
TUTORIAL_SS_4_BODY,When notes are ready — press Play. Double-click a song in the list to start faster.,Когда ноты готовы — нажмите «Играть». Двойной щелчок по песне в списке тоже запускает уровень.
TUTORIAL_SHOP_1_TITLE,Categories,Категории
TUTORIAL_SHOP_1_BODY,"Filter cosmetics by type — kick sounds, notes, lane highlights, particles.","Фильтр по типу — кики, ноты, подсветка линий, частицы."
TUTORIAL_SHOP_2_TITLE,Item list,Список предметов
TUTORIAL_SHOP_2_BODY,Buy with diamonds or unlock via achievements. Click a card to preview and equip.,Покупка за алмазы или разблокировка через достижения. Нажмите на карточку для предпросмотра и активации.
TUTORIAL_SHOP_3_TITLE,Collection progress,Прогресс коллекции
TUTORIAL_SHOP_3_BODY,Track how many shop items you have unlocked in total.,Следите за общим числом открытых предметов в магазине.
TUTORIAL_GP_1_TITLE,Hit zone,Зона попадания
TUTORIAL_GP_1_BODY,"Notes fall toward the line at the bottom — press the lane key when a note reaches it.","Ноты падают к линии внизу — нажимайте клавишу линии, когда нота доходит до неё."
TUTORIAL_GP_2_TITLE,Health and timing,Здоровье и тайминг
TUTORIAL_GP_2_BODY,"Misses drain HP and shift the timing meter. Too many misses end the run early.","Промахи отнимают HP и сдвигают индикатор тайминга. Слишком много промахов — ранний провал."
TUTORIAL_GP_3_TITLE,Lane keys,Клавиши линий
TUTORIAL_GP_3_BODY,"Each column matches a key — use the highlighted lanes for this chart.","Каждая колонка — своя клавиша. Играйте по подсвеченным линиям этого чарта."
TUTORIAL_VIC_1_TITLE,Rhythm Rating,Ритм-рейтинг
TUTORIAL_VIC_1_BODY,"RR grows on your first clear of a track. Repeats earn a smaller repeat RR bonus.","RR растёт при первом прохождении трека. Повторы дают меньший бонус repeat RR."
TUTORIAL_VIC_2_TITLE,Rewards,Награды
TUTORIAL_VIC_2_BODY,"Diamonds and XP depend on score, accuracy, and combo. Tap currency or XP for a breakdown.","Алмазы и XP зависят от счёта, точности и комбо. Нажмите на валюту или XP для детализации."
TUTORIAL_VIC_3_TITLE,Accuracy chart,График точности
TUTORIAL_VIC_3_BODY,"See where you were sharp or sloppy across the song timeline.","Смотрите, где вы попадали в такт, а где промахивались по ходу трека."
TUTORIAL_VIC_4_TITLE,What's next?,Что дальше?
TUTORIAL_VIC_4_BODY,"Replay, return to the library, or try the recommended next track.","Повторите уровень, вернитесь в библиотеку или попробуйте рекомендованный следующий трек."
TUTORIAL_GEN_1_TITLE,Chart style,Стиль карты
TUTORIAL_GEN_1_BODY,"Original, Pulse, or Minimal — the base policy for the chart. Original is the default. Arcade is coming soon.","Оригинал, Пульс или Минимум — базовая политика карты. По умолчанию — «Оригинал». Аркада — скоро."
TUTORIAL_GEN_2_TITLE,Lane count,Число линий
TUTORIAL_GEN_2_BODY,"Pick 3, 4, or 5 lanes for display. The server saves one unified chart (lanes in the file header).","Выберите 3, 4 или 5 линий для отображения. Сервер сохраняет один unified-чарт (число линий — в заголовке файла)."
TUTORIAL_GEN_3_TITLE,Sliders and checkboxes,Слайдеры и чекбоксы
TUTORIAL_GEN_3_BODY,"Fine-tuning on top of any style: density, grid snap, noise cleanup, fill gaps (Pulse), raw ADTOF (Pulse advanced).","Тонкая настройка поверх любого стиля: плотность, сетка, чистка шума, достройка пропусков (Пульс), сырой ADTOF (расширенные, Пульс)."
TUTORIAL_GEN_4_TITLE,Apply settings,Применить
TUTORIAL_GEN_4_BODY,"Confirm to save instrument, style, and lanes for the next generate action.","Подтвердите, чтобы сохранить инструмент, стиль и линии для следующей генерации."
TUTORIAL_PRO_0_TITLE,Profile tabs,Вкладки профиля
TUTORIAL_PRO_0_BODY,"Overview, statistics, genres, and records — switch tabs to see different sides of your progress.","Обзор, статистика, жанры и рекорды — переключайте вкладки, чтобы смотреть разные стороны прогресса."
TUTORIAL_PRO_1_TITLE,Overview tab,Вкладка «Обзор»
TUTORIAL_PRO_1_BODY,"Level, XP, favorite track, and recent achievements — a quick summary of where you stand.","Уровень, XP, любимый трек и недавние достижения — краткая сводка вашего прогресса."
TUTORIAL_PRO_2_TITLE,Statistics tab,Вкладка «Статистика»
TUTORIAL_PRO_2_BODY,"Session chart for accuracy, score, or RR. Switch the metric with the buttons above the graph.","График последних сессий: точность, счёт или RR. Переключайте метрику кнопками над графиком."
TUTORIAL_PRO_3_TITLE,Genres tab,Вкладка «Жанры»
TUTORIAL_PRO_3_BODY,"See which music genres you play most often and how your taste is distributed.","Распределение игр по жанрам — какие стили вы проходите чаще всего."
TUTORIAL_PRO_4_TITLE,Records tab,Вкладка «Рекорды»
TUTORIAL_PRO_4_BODY,"Personal bests per song — top grades, scores, and standout runs.","Личные рекорды по песням: лучшие оценки, счёт и выдающиеся забеги."
TUTORIAL_PRO_5_TITLE,Share cards,Карточки для шаринга
TUTORIAL_PRO_5_BODY,"Export styled stat cards as images or HTML from the share button.","Экспортируйте стильные карточки статистики в картинку или HTML кнопкой «Поделиться»."
TUTORIAL_CAL_1_TITLE,Audio offset,Смещение звука
TUTORIAL_CAL_1_BODY,"Different headphones and sound cards add delay. Offset shifts notes to match what you hear.","Разные наушники и звуковые карты дают задержку. Offset сдвигает ноты под то, что вы слышите."
TUTORIAL_CAL_2_TITLE,Calibration test,Калибровка
TUTORIAL_CAL_2_BODY,Tap in time with the metronome — we measure average input lag and save offset.,Нажимайте в такт метроному — измерим среднюю задержку ввода и сохраним offset.
TUTORIAL_DNA_SET_1_TITLE,Rhythm DNA report,Отчёт Rhythm DNA
TUTORIAL_DNA_SET_1_BODY,"Shows how the chart was built — genes, timeline, and generation decisions.","Показывает, как строился чарт — гены, таймлайн и решения генерации."
TUTORIAL_DNA_SET_2_TITLE,After generation,После генерации
TUTORIAL_DNA_SET_2_BODY,Generate notes for a track — then open Rhythm DNA in the song details panel.,Сгенерируйте ноты для трека — затем откройте Rhythm DNA в панели деталей песни.
TUTORIAL_DNA_USE_1_TITLE,Open Rhythm DNA,Открыть Rhythm DNA
TUTORIAL_DNA_USE_1_BODY,Read the generation report for this chart — useful for tuning presets.,Читайте отчёт генерации для этого чарта — полезно при настройке пресетов.
VICTORY_ACCURACY_CHART_TITLE,ACCURACY OVER TIME,ТОЧНОСТЬ ПО ВРЕМЕНИ
VICTORY_LANE_STATS_TITLE,LANE STATISTICS,СТАТИСТИКА ЛИНИЙ
HUD_NEW_RECORD,NEW RECORD!,НОВЫЙ РЕКОРД!
VICTORY_HINT_DETAILS,Click currency or XP for a detailed breakdown,"Нажмите на валюту или ХР, чтобы посмотреть детальный расчёт"
VICTORY_XP_DETAIL_TITLE,XP breakdown,Детализация XP
VICTORY_XP_BASE_FMT,Base XP (from score): %.1f,Базовый XP (от счёта): %.1f
VICTORY_XP_ACC_BONUS_FMT,Accuracy bonus: %.1f,Бонус за точность: %.1f
VICTORY_XP_COMBO_BONUS_FMT,Combo bonus: %.1f,Бонус за комбо: %.1f
VICTORY_XP_GRADE_BONUS_FMT,Grade bonus (%s): %.1f,Бонус за оценку (%s): %.1f
VICTORY_XP_FULL_COMBO_FMT,Full combo bonus: %.1f,Бонус за полное комбо: %.1f
VICTORY_XP_TOTAL_FMT,Total XP: %d,Итого XP: %d
VICTORY_CUR_DETAIL_TITLE,Currency breakdown,Детализация валюты
VICTORY_CUR_BASE_FMT,Base currency (from score): %.1f,Базовая валюта (от счёта): %.1f
VICTORY_CUR_COMBO_BONUS_FMT,Max combo bonus: %.1f,Бонус за максимальное комбо: %.1f
VICTORY_CUR_ACC_BONUS_FMT,Accuracy bonus: %.1f,Бонус за точность: %.1f
VICTORY_CUR_FULL_COMBO_FMT,Full combo bonus: %.1f,Бонус за полное комбо: %.1f
VICTORY_CUR_MULT_BONUS_FMT,Multiplier bonus: %.1f,Бонус за множитель: %.1f
VICTORY_CUR_TOTAL_FMT,Total currency: %d,Итого валюты: %d
VICTORY_CUR_DETAIL_SUBTITLE,How diamonds were calculated,Как были рассчитаны алмазы
VICTORY_XP_DETAIL_SUBTITLE,How experience was calculated,Как был рассчитан опыт
VICTORY_REWARD_FINAL_LABEL,Final reward,Итоговая награда
VICTORY_REWARD_TOTAL_RECEIVED,Total received,Всего получено
VICTORY_REWARD_BTN_CLOSE,Close,Закрыть
VICTORY_REWARD_ROW_BASE,Base (from score),База (от счёта)
VICTORY_REWARD_ROW_COMBO_FMT,Combo bonus (%d),Бонус комбо (%d)
VICTORY_REWARD_ROW_ACCURACY_FMT,Accuracy (%.0f%%),Точность (%.0f%%)
VICTORY_REWARD_ROW_FULL_COMBO,Full combo,Полное комбо
VICTORY_REWARD_ROW_MULT_FMT,Combo multiplier (x%.1f),Множитель комбо (x%.1f)
VICTORY_REWARD_ROW_GRADE_FMT,Grade bonus (%s),Бонус оценки (%s)
MOD_BUTTON,Modifiers,Модификаторы
MOD_BUTTON_ACTIVE,Modifiers (%d),Модификаторы (%d)
MOD_BUTTON_ACTIVE_MULT,"Modifiers (%d, %s)","Модификаторы (%d, %s)"
MOD_POPUP_TITLE,Run modifiers,Модификаторы забега
MOD_PRESETS_BUTTON,Presets,Пресеты
MOD_PRESETS_TITLE,Modifier presets,Пресеты модификаторов
MOD_PRESETS_TAB_MINE,My presets,Мои пресеты
MOD_PRESETS_TAB_FAVORITES,Favorites,Избранные
MOD_PRESETS_FAVORITES_EMPTY,No favorite presets yet. Open a preset and add it to favorites.,Избранных пресетов пока нет. Откройте пресет и добавьте в избранное.
MOD_PRESET_SLOT_EMPTY,Empty slot,Пустой слот
MOD_PRESET_SLOT_DEFAULT,Preset %d,Пресет %d
MOD_PRESET_DETAIL_CAPTION,About preset,О пресете
MOD_PRESET_META,Updated %s · cleared %d times,Обновлён %s · пройдено %d раз
MOD_PRESET_EMPTY_HINT,"Empty slot — Save will write your current modifier setup here.","Пустой слот — «Сохранить» запишет сюда текущие модификаторы."
MOD_PRESET_SAVE_HINT,"Save writes the current modifier setup (from the modifiers screen) into the selected slot.","«Сохранить» записывает текущие модификаторы с экрана модов в выбранный слот."
MOD_PRESET_DRAFT_SUMMARY,"Will save: %s","Сохранится: %s"
MOD_PRESET_DRAFT_VANILLA,"Will save: no modifiers (vanilla)","Сохранится: без модификаторов"
MOD_PRESET_DRAFT_CAPTION,Will save,Сохранится
MOD_PRESET_DRAFT_VANILLA_SHORT,Vanilla,Без модов
MOD_PRESET_OVERWRITE_CONFIRM,"Overwrite preset ""%s"" with the current modifiers?","Перезаписать пресет «%s» текущими модификаторами?"
MOD_PRESETS_LOAD,Load,Загрузить
MOD_PRESETS_CLEAR_ACTIVE,Play without preset,Играть без пресета
MOD_PRESET_CLEAR_CONFIRM,"Clear the active preset and reset modifiers to none?","Сбросить активный пресет и убрать все модификаторы?"
MOD_PRESET_CLEAR_CONFIRM_DIRTY,"You have unsaved changes. Clear the preset and reset modifiers to none?","Есть несохранённые изменения. Сбросить пресет и убрать все модификаторы?"
GEN_PRESET_CLEAR_CONFIRM_DIRTY,"You have unsaved changes. Clear the active generation preset?","Есть несохранённые изменения. Сбросить активный пресет генерации?"
MOD_PRESETS_FOOTER_HINT,Esc — back · 1–9 · 0 slot 10 · Q/W tabs,Esc — назад · 1–9 · 0 слот 10 · Q/W вкладки
MOD_PRESETS_SAVE,Save,Сохранить
MOD_PRESETS_SAVE_AS,Save as…,Сохранить как…
MOD_PRESET_CURRENT_SETTINGS,Current settings,Текущие настройки
MOD_PRESET_SLOT_PREVIEW,Slot preview,Просмотр слота
MOD_PRESET_ACTIVE_NONE,Active: none,Активный: нет
MOD_PRESET_ACTIVE_PREFIX,Active:,Активный:
MOD_PRESET_ACTIVE_CLEAN,Active: %s,Активный: %s
MOD_PRESET_ACTIVE_DIRTY,Active: %s • changed,Активный: %s • изменён
MOD_PRESET_DIRTY_TIP,Unsaved changes,Есть несохранённые изменения
PRESET_TOAST_SAVED,"Preset ""%s"" saved","Пресет «%s» сохранён"
PRESET_TOAST_LOADED,"Preset ""%s"" loaded","Пресет «%s» загружен"
PRESET_TOAST_DELETED,"Preset ""%s"" deleted","Пресет «%s» удалён"
PRESET_TOAST_CLEARED,Preset unlinked,Пресет отключён
MOD_TOAST_APPLIED,Modifiers applied,Модификаторы применены
MOD_PRESET_SAVE_AS_HINT,Pick a slot and name for Save as…,Выберите слот и имя для «Сохранить как…»
MOD_PRESET_NAME_PLACEHOLDER,Preset name,Название пресета
MOD_PRESET_SAVE_AS_PICK_TARGET,Select a destination slot for the current settings,Выберите слот назначения для текущих настроек
MOD_PRESET_SAVE_AS_MODE_HINT,Save current settings to slot %02d,Сохранить текущие настройки в слот %02d
MOD_PRESETS_SAVE_AS_CONFIRM,Confirm,Подтвердить
MOD_PRESET_UNSAVED_CHANGES,Save changes to preset "%s"?,Сохранить изменения в пресете «%s»?
MOD_PRESETS_DELETE,Delete,Удалить
MOD_PRESET_TOGGLE_FAVORITE,Add to favorites,В избранное
MOD_PRESET_UNFAVORITE,Remove from favorites,Убрать из избранного
MOD_PRESET_MENU_FAVORITE,Toggle favorite,В избранное
MOD_PRESET_ACTIVE_BADGE_TIP,Active preset loaded on screen,Активный пресет на экране
MOD_PRESET_FAVORITE_BADGE_TIP,Favorite preset,Пресет в избранном
MOD_PRESET_DELETE_CONFIRM,"Delete preset ""%s""?","Удалить пресет «%s»?"
MOD_PRESET_EDIT_TITLE,Edit preset,Изменить пресет
MOD_PRESET_EDIT_HINT,"Modifiers are taken from the current draft on the modifiers screen. Adjust mods there first, then save here.","Модификаторы берутся из текущего черновика на экране модификаторов. Сначала настройте моды там, затем сохраните здесь."
MOD_PRESET_EDIT_NO_MODS,No modifiers (vanilla),Без модификаторов
MOD_PRESET_EDIT_SAVE,Save,Сохранить
MOD_POPUP_HINT,Optional rules for the next play. Saved until you change them.,Необязательные правила для следующего прохождения. Сохраняются до смены.
MOD_FOOTER_HINT,Esc — back · Q W E · A S D F G H · Z X — toggle · Enter confirm,Esc — назад · Q W E · A S D F G H · Z X — вкл/выкл · Enter подтвердить
MOD_TITLE_SLOW_75,Half Time,Замедление
MOD_DESC_SLOW_75,Song plays at 75% speed,Песня играет на 75% скорости
MOD_TITLE_FAST_150,Double Time,Ускорение
MOD_DESC_FAST_150,Song playback speed is faster for the whole track (scroll unchanged).,Скорость **песни** выше на весь трек (прокрутка нот — из настроек).
MOD_TITLE_NO_FAIL,No Fail,Без провала
MOD_DESC_NO_FAIL,Misses drain health but cannot fail at 0 HP,"Промахи снижают HP, но при 0 HP забег не кончается"
MOD_TITLE_EASY_WINDOWS,Easy Windows,Лёгкие окна
MOD_DESC_EASY_WINDOWS,"Wider hit windows than default: ±75 ms Perfect and ±225 ms Good (×1.5). Easier to land notes in rhythm.","Окна попадания шире обычных: «Идеально» ±75 мс и «Хорошо» ±225 мс (в 1,5 раза больше стандарта) — проще попасть в ритм."
MOD_TITLE_STRICT_TIMING,Strict Timing,Строгий тайминг
MOD_DESC_STRICT_TIMING,"Narrower hit windows than default: ±30 ms Perfect and ±100 ms Good (versus ±50 / ±150 ms). Demands precise timing.","Окна попадания уже обычных: «Идеально» ±30 мс и «Хорошо» ±100 мс (вместо ±50 / ±150 мс) — нужна точная игра."
MOD_TITLE_NO_MISS_FORGIVENESS,Empty Lane Tap,Тап по пустой линии
MOD_DESC_NO_MISS_FORGIVENESS,Empty lane tap counts as a miss,Тап по пустой линии считается промахом
MOD_TITLE_SUDDEN_DEATH,Sudden Death,Внезапная смерть
MOD_DESC_SUDDEN_DEATH,"Any miss instantly ends the run. Remaining health doesn't matter.","Любой промах мгновенно завершает попытку. Оставшееся здоровье при этом не учитывается."
MOD_TITLE_HIDDEN,Hidden,Скрытые
MOD_DESC_HIDDEN,"Notes gradually fade before the hit line. The closer a note gets, the less time you have to see it.","Ноты постепенно исчезают перед линией попадания. Чем ближе нота к линии, тем меньше времени остаётся, чтобы её видеть."
MOD_TITLE_SUDDEN,Sudden,Внезапные
MOD_DESC_SUDDEN,"Notes appear only near the hit line. Most of the track stays hidden until the last moment.","Ноты появляются только перед линией попадания. Большая часть дорожки остаётся скрытой до последнего момента."
MOD_TITLE_FIXED_SPEED_20,Fixed Speed,Фиксированная скорость
MOD_DESC_FIXED_SPEED_20,Fixed scroll speed (20),Фиксированная скорость нот (20)
MOD_TITLE_AUTOPLAY,Autoplay,Автопилот
MOD_DESC_AUTOPLAY,The game plays notes for you (debug-style autopilot),Игра сама бьёт ноты (режим автоплея)
DEFEAT_TITLE,DEFEAT,ПОРАЖЕНИЕ
MOD_HIDDEN,Hidden — notes fade out before the hit line,Скрытые — ноты постепенно исчезают перед линией попадания
MOD_SUDDEN,Sudden — notes appear only shortly before the hit line,Внезапные — ноты появляются только незадолго до линии попадания
MOD_ABBR_HD,HD,СК
MOD_ABBR_SN,SN,ВН
MOD_STRICT_TIMING,"Narrower hit windows: ±30 ms Perfect, ±100 ms Good","Узкие окна: «Идеально» ±30 мс, «Хорошо» ±100 мс"
MOD_NO_MISS_FORGIVENESS,Empty lane tap counts as a miss,Тап по пустой линии = промах
MOD_SUDDEN_DEATH,One miss ends the run,Один промах — конец забега
MOD_NO_FAIL,Misses drain health but cannot fail at 0 HP,"Промахи снижают HP, но при 0 HP забег не кончается"
MOD_EASY_WINDOWS,"Wider hit windows: ±75 ms Perfect, ±225 ms Good (×1.5)","Широкие окна: «Идеально» ±75 мс, «Хорошо» ±225 мс (×1,5)"
MOD_FIXED_SPEED_20,Fixed scroll speed (20),Фиксированная скорость нот (20)
MOD_AUTOPLAY,Auto: the game plays notes for you (debug-style autopilot).,Автопилот: игра сама бьёт ноты (режим автоплея).
MOD_CAT_EASING,Game simplification,Упрощение игры
MOD_CAT_HARDENING,Game complication,Усложнение игры
MOD_CAT_SPECIAL,Special,Особые
MOD_CAT_DNA,Rhythm DNA,Rhythm DNA
MOD_DNA_BETA_CALLOUT,"Section-based mods are in beta — behavior and Rhythm DNA reports may still change. Requires an .rfd sidecar from drum chart generation.","Моды по секциям в бете — поведение и отчёты Rhythm DNA ещё дорабатываются. Нужен sidecar .rfd от генерации ударных."
MOD_DNA_BETA_CAPTION,Beta,Бета
MOD_COMING_SOON,Coming soon…,Скоро…
MOD_RESET_ALL,Reset all mods,Сбросить все моды
MOD_CONFIRM,Confirm,Подтвердить
MOD_TAB_OVERVIEW,Overview,Обзор
MOD_TAB_PARAMS,Parameters,Параметры
MOD_PARAM_SONG_SPEED,Song speed,Скорость песни
MOD_PARAM_SONG_SPEED_VALUE,Speed value,Значение скорости
MOD_PARAM_SCROLL_FIXED,Fixed scroll speed,Фиксированная скорость нот
MOD_CONFLICTS_NONE,No conflicts,Нет конфликтов
MOD_CONFLICTS_MORE_FMT,… and %d more,… и ещё %d
MOD_CONFLICTS_HINT,Check selected modifiers for incompatible pairs.,Проверьте выбранные моды на несовместимые пары.
MOD_COMBO_EASE_CONFLICT,Incompatible with Combo Escalation (random hardening may conflict).,Несовместимо с эскалацией по комбо (может выпасть противоречащий мод).
MOD_CONFLICTS_CAPTION,Conflicts,Конфликты
MOD_CONFLICT_ALL_EASING,All easing mods,Все моды «Упрощение»
MOD_CONFLICT_ALL_HARDENING,All hardening mods,Все моды «Усложнение»
MOD_CONFLICT_DNA_BEHAVIOR,Other DNA Behavior mods (Phrase Shift / Groove Lock / Adaptive),Другие моды поведения Rhythm DNA (Смена фраз / Захват грува / Адаптив)
MOD_CONFLICT_DNA_GROOVE,Other groove DNA mods (Groove Lock / Groove Addiction),Другие моды грува Rhythm DNA (Захват грува / Зависимость от грува)
MOD_CONFLICT_COMBO_ESCALATION,Combo Escalation,Эскалация по комбо
MOD_CONFLICTS_FOOTER_HINT,"Click a mod to toggle it — when selected, incompatible mods get a solid red frame. Full list in the panel on the right.","Клик по модификатору — вкл/выкл; несовместимые отмечены сплошной красной рамкой. Полный список — в панели справа."
MOD_CARD_GEAR_HINT,Has adjustable parameters — use Parameters on the right.,Есть параметры — кнопка «Параметры» справа.
MOD_CARD_HINT_TOGGLE,LMB — toggle & summary · RMB — description,ЛКМ — вкл/выкл и обзор · ПКМ — описание
MOD_CARD_HINT_TOGGLE_PARAMS,LMB — toggle & summary · RMB — description & params,ЛКМ — вкл/выкл и обзор · ПКМ — описание и параметры
MOD_CARD_TOOLTIP_PARAMS,Has adjustable parameters,Есть настраиваемые параметры
MOD_DETAIL_ENABLE,Enable modifier,Включить мод
MOD_DETAIL_DISABLE,Disable modifier,Выключить мод
MOD_DETAIL_SELECT_HINT,Select a modifier to see details.,Выберите модификатор.
MOD_DETAIL_DIFFICULTY,Difficulty,Сложность
MOD_DETAIL_REWARD,Reward,Награда
MOD_HINT_CAPTION,Hint,Подсказка
MOD_FOOTER_HINT_V2,1–5 tabs · Space apply · Esc back,1–5 вкладки · Пробел применить · Esc назад
MOD_DETAIL_SPEED_MULT,Speed multiplier,Множитель скорости
MOD_DETAIL_SPEED_MULT_TIP,"Song playback speed relative to normal (100%). Chart timing follows the track.","Скорость воспроизведения относительно обычной (100%). Тайминг чарта следует за треком."
MOD_DETAIL_PRESERVE_PITCH,Keep audio pitch,Сохранять высоту тона
MOD_DETAIL_PRESERVE_PITCH_TIP,"On: pitch stays the same when speed changes (recommended). Off: pitch shifts with speed — lower when slower, higher when faster, like classic osu! HT/DT.","Вкл.: высота тона не меняется при смене скорости (рекомендуется). Выкл.: тон смещается вместе со скоростью — ниже при замедлении, выше при ускорении, как классические HT/DT в osu!."
DLG_MODIFIERS_UNSAVED_TEXT,You have unsaved modifier changes. Apply before leaving?,Есть несохранённые изменения модификаторов. Применить перед выходом?
MOD_RIGHT_PANEL_SUMMARY,Summary,Обзор
MOD_RIGHT_PANEL_DETAIL,Details,Описание
MOD_RIGHT_PANEL_PARAMS,Parameters,Параметры
MOD_PARAMS_SELECT_HINT,Select a modifier with adjustable parameters.,Выберите мод с настраиваемыми параметрами.
MOD_SUMMARY_TITLE,Run summary,Итог забега
MOD_SUMMARY_MULT_CAPTION,Reward multiplier,Множитель награды
MOD_SUMMARY_ACTIVE_HEADER,Active modifiers,Активные модификаторы
MOD_SUMMARY_EMPTY_TITLE,No mods selected,Моды не выбраны
MOD_SUMMARY_EMPTY_HINT,Enable cards on the left — the list and multiplier will appear here.,Включите карточки слева — здесь появится список и множитель.
MOD_SUMMARY_TIP,"LMB — toggle & summary · RMB — description. Harder stacks mean more reward (except Special). {gear} marks mods with adjustable parameters.","ЛКМ — вкл/выкл и обзор · ПКМ — описание. Сложнее набор → больше награда (кроме «Особых»). {gear} — настраиваемые параметры."
MOD_OVERVIEW_HINT,"Quick pick for all mods. {gear} — adjustable parameters.","Быстрый выбор всех модов. {gear} — настраиваемые параметры."
MOD_SUMMARY_MOD_COUNT,%d mods selected,%d модов выбрано
MOD_SUMMARY_EASE_STAT,Ease: %d,Упр.: %d
MOD_SUMMARY_HARD_STAT,Hard: %d,Усл.: %d
MOD_SUMMARY_SPECIAL_STAT,Spec.: %d,Ос.: %d
MOD_SUMMARY_DNA_STAT,DNA: %d,DNA: %d
MOD_PARAMS_INTRO,Fine-tune run parameters for the next play.,Тонкая настройка параметров для следующего забега.
MOD_PARAM_SCROLL_MULT_VALUE,Scroll multiplier,Множитель прокрутки
MOD_PARAM_TIMING_SECTION,Hit windows,Окно попадания
MOD_PARAM_TIMING_HINT,Multiplier for Perfect and Good windows. 100% matches modifier defaults.,"Множитель к окнам «Идеально» и «Хорошо». 100% — как в настройках модификаторов."
MOD_PARAM_TIMING_WINDOW_VALUE,Timing window,Окно попадания
MOD_PARAM_EASY_TIMING_WINDOW,Window scale (Perfect & Good),Масштаб окон (Идеально и Хорошо)
MOD_PARAM_STRICT_TIMING_WINDOW,Window scale (Perfect & Good),Масштаб окон (Идеально и Хорошо)
MOD_TIMING_WINDOWS_MS,Perfect ±%d ms · Good ±%d ms,Идеально ±%d мс · Хорошо ±%d мс
MOD_TIMING_WINDOW_PERFECT_MS,±%d ms,±%d мс
UNIT_MS,ms,мс
UNIT_SEC,s,с
UNIT_HITS,hits,попад.
MOD_PARAM_VISIBILITY_SECTION,Visibility band,Полоса видимости
MOD_PARAM_VISIBILITY_HINT,For Hidden and Sudden mods — how far above the hit line notes appear.,Для модов «Скрытые» и «Внезапные» — ширина зоны появления нот.
MOD_PARAM_VISIBILITY_BAND_VALUE,Visibility band width,Ширина полосы
MOD_PARAM_MEMORY_SECTION,Progressive memory,Прогрессивная память
MOD_PARAM_MEMORY_HINT,Reveal duration for Memory mode. Shorter phase uses 60% of this value.,Длительность показа ноты при моде «Память». Короткая фаза — 60% от этого значения.
MOD_PARAM_MEMORY_REVEAL_VALUE,Reveal duration,Длительность показа
MOD_PARAM_CE_SECTION,Combo escalation,Эскалация по комбо
MOD_PARAM_CE_HINT,How hardening mods are picked when Combo Escalation is active.,Как выбираются усложняющие моды при активной «Эскалации по комбо».
MOD_PARAM_CE_PICK_MODE,Pick mode,Режим выбора
MOD_PARAM_CE_PICK_NO_REPEAT,No repeats until full cycle,Без повторов до полного цикла
MOD_PARAM_CE_PICK_RANDOM,Fully random each step,Случайно каждый раз
MOD_PARAM_CE_PICK_CUSTOM_ORDER,Custom order,Заданный порядок
MOD_PARAM_CE_ORDER_HINT,"Mod order top to bottom. Step 1 uses the first entry, then continues down the list and wraps.","Порядок модов сверху вниз. Ступень 1 — первый пункт, затем по списку по кругу."
MOD_PARAM_CE_ORDER_TITLE,Custom escalation order,Заданный порядок эскалации
MOD_PARAM_CE_SETUP_TITLE,Escalation setup,Настройка эскалации
MOD_PARAM_CE_SETUP_HINT,Pool mods and custom order:,Пул модов и порядок:
MOD_PARAM_CE_POOL_HINT,Mods included in the escalation pool:,Моды в пуле эскалации:
MOD_PARAM_CE_ORDER_CONFIGURE_HINT,Custom hardening order:,Порядок усложняющих модов:
MOD_PARAM_CE_CONFIGURE_ORDER,Configure,настроить
MOD_PARAM_CE_ORDER_UP,Move up,Выше
MOD_PARAM_CE_ORDER_DOWN,Move down,Ниже
MOD_PARAM_RESET_DEFAULTS,Reset parameters to defaults,Сбросить параметры
MOD_PARAM_SEC_EASING,Easing,Упрощение
MOD_PARAM_SEC_HARDENING,Hardening,Усложнение
MOD_PARAM_SEC_SPECIAL,Special,Особые
MOD_PARAM_SLOW_75_SPEED,Slow song speed,Скорость песни (медленно)
MOD_PARAM_FAST_150_SPEED,Fast song speed,Скорость песни (быстро)
MOD_PARAM_HALF_HP_START,Starting HP,Стартовое HP
MOD_PARAM_MEMORY_SPATIAL,Spatial blind zone,Слепая зона по позиции
MOD_PARAM_MEMORY_FADE,Note fade duration,Длительность затухания нот
MOD_PARAM_LANE_INTERVAL,Min pause between lane changes,Мин. пауза между сменами линий
MOD_PARAM_TIME_WARP_MIN,Min playback speed,Мин. скорость воспроизведения
MOD_PARAM_TIME_WARP_MAX,Max playback speed,Макс. скорость воспроизведения
MOD_PARAM_ENERGY_PULSE_MIN,Min playback (quiet sections),Мин. скорость (спокойные секции)
MOD_PARAM_ENERGY_PULSE_MAX,Max playback (dense sections),Макс. скорость (плотные секции)
MOD_PARAM_CE_STEP_PCT,Escalation step (% hits),Шаг эскалации (% попаданий)
MOD_PARAM_CE_STEP_MIN,Escalation min step (hits),Мин. шаг эскалации (попаданий)
MOD_PARAM_CE_POOL,Pool mods for escalation,Моды в пуле эскалации
MOD_PARAM_AFFECTS_SLOW_75_SPEED_PCT,(→ HT),(→ HT)
MOD_PARAM_AFFECTS_FAST_150_SPEED_PCT,(→ DT),(→ DT)
MOD_PARAM_AFFECTS_HALF_HP_START_PCT,(→ Half HP),(→ ПЖ)
MOD_PARAM_AFFECTS_MEMORY_SPATIAL_BLIND_PCT,(→ Memory),(→ Память)
MOD_PARAM_AFFECTS_MEMORY_FADE_MS,(→ Memory),(→ Память)
MOD_PARAM_AFFECTS_MEMORY_REVEAL_MS,(→ Memory),(→ Память)
MOD_PARAM_AFFECTS_VISIBILITY_BAND_PX,(→ Hidden/Sudden),(→ Скрытые/Внезапные)
MOD_PARAM_AFFECTS_TIMING_WINDOW_PCT,(→ EZ/ST/all windows),(→ EZ/СТ/все окна)
MOD_PARAM_AFFECTS_EASY_TIMING_WINDOW_PCT,(→ EZ),(→ EZ)
MOD_PARAM_AFFECTS_STRICT_TIMING_WINDOW_PCT,(→ ST),(→ СТ)
MOD_PARAM_AFFECTS_LANE_REMAP_MIN_INTERVAL_SEC,(→ Dynamic/Random),(→ Дин./Случ.)
MOD_PARAM_AFFECTS_TIME_WARP_MIN_PCT,(→ Time Warp),(→ Time Warp)
MOD_PARAM_AFFECTS_TIME_WARP_MAX_PCT,(→ Time Warp),(→ Time Warp)
MOD_PARAM_AFFECTS_COMBO_ESCALATION_STEP_PCT,(→ Combo Escalation),(→ Эскалация)
MOD_PARAM_AFFECTS_COMBO_ESCALATION_STEP_MIN,(→ Combo Escalation),(→ Эскалация)
MOD_DESC_SLOW_75_PARAM,Song plays at %d%% speed,Песня играет на %d%% скорости
MOD_DESC_FAST_150_PARAM,Song plays at %d%% speed,Песня играет на %d%% скорости
MOD_DESC_HALF_HP_PARAM,Start the run at %d%% health,Старт забега с %d%% жизней
MOD_DESC_TIME_WARP_PARAM,Playback speed ramps from %d%% to %d%% over the track,Скорость воспроизведения плавно растёт с %d%% до %d%% за трек
MOD_DESC_COMBO_ESCALATION_PARAM,New hardening mod every %.0f%% of hits (min. %d notes),Новый мод усложнения каждые %.0f%% попаданий (мин. %d нот)
MOD_DESC_MEMORY_MODE_PARAM,Reveal %d ms · blind zone %d%% · fade %d ms,Показ %d мс · слепота %d%% · затухание %d мс
MOD_DESC_LANE_INTERVAL_PARAM,Lane layout changes at most every %.0f s,Смена раскладки линий не чаще чем раз в %.0f с
MOD_DESC_DYNAMIC_LANES_INTERVAL_PARAM,Minimum pause between lane-count changes at DNA section boundaries: %.0f s,Минимальная пауза между сменами числа линий на границах секций Rhythm DNA: %.0f с
MOD_DESC_RANDOM_LANE_INTERVAL_PARAM,Minimum pause between lane remaps: %.0f s,Минимальная пауза между перестановками линий: %.0f с
MOD_SCROLL_FROM_SETTINGS,From settings,Из настроек
MOD_SCROLL_FIXED_MODE,Fixed value,Фиксированная
MOD_PARAM_SCROLL_SECTION,Note scroll speed,Скорость прокрутки нот
MOD_PARAM_SCROLL_FROM_SETTINGS_HINT,Uses your scroll speed from Settings when fixed override is off.,Сейчас используется значение из настроек игры.
MOD_PARAM_SCROLL_FIXED_ENABLE,Override with fixed scroll speed,Задать фиксированную скорость
MOD_PARAM_SCROLL_FIXED_VALUE,Fixed scroll value,Значение скорости
MOD_SUBCAT_EASE_SPEED,Speed,Скорость
MOD_SUBCAT_EASE_HELP,Forgiveness,Прощение ошибок
MOD_SUBCAT_HARD_SPEED,Speed,Скорость
MOD_SUBCAT_HARD_TIMING,Timing and rules,Тайминг и правила
MOD_SUBCAT_HARD_VISIBILITY,Note visibility,Видимость нот
MOD_SUBCAT_HARD_LANES,Lane remap,Перестановка линий
MOD_SUBCAT_SPECIAL_CHAOS,Escalation,Эскалация
MOD_SUBCAT_SPECIAL_AUDIO,Audio,Звук
MOD_SUBCAT_SPECIAL_RULES,Special rules,Особые правила
MOD_SUBCAT_SPECIAL_LANES,Lanes & field,Линии и поле
MOD_SUBCAT_SPECIAL_SCROLL,Scroll & direction,Скролл и направление
MOD_SUBCAT_SPECIAL_INPUT,Input & practice,Ввод и практика
MOD_SUBCAT_DNA_STRUCTURE,Track structure,Структура трека
MOD_SUBCAT_DNA_PULSE,Energy & tempo,Энергия и темп
MOD_SCORE_MULT,Reward multiplier: %.2fx,Множитель награды: %.2fx
MOD_ABBR_NF,NF,НФ
MOD_ABBR_EZ,EZ,ЛГ
MOD_ABBR_ST,ST,СТ
MOD_ABBR_EH,EH,ТП
MOD_ABBR_SD,SD,ВС
MOD_ABBR_FS,FS,ФС
MOD_ABBR_AP,AP,АП
MOD_ABBR_HT,HT,ЗМ
MOD_ABBR_DT,DT,УС
MOD_TITLE_HALF_HP,Half HP,Половина жизней
MOD_DESC_HALF_HP,"Health at the start of the track is reduced. You have fewer mistakes to spare from the first seconds.","Здоровье в начале трека уменьшено. Запас ошибок становится меньше с первых секунд."
MOD_TITLE_SINGLE_LANE,Single Lane,Одна линия
MOD_DESC_SINGLE_LANE,"One wide lane: all chart notes collapse onto it; any lane key can hit them.","Одна широкая линия: все ноты чарта сходятся на неё; любая клавиша линии засчитывает попадание."
MOD_PARAM_SINGLE_LANE_COUNT,Number of lanes,Количество линий
MOD_ABBR_HP,HP,ПЖ
MOD_ABBR_SL,SL,ОЛ
MOD_TITLE_TIME_WARP,Time Warp,Искажение времени
MOD_DESC_TIME_WARP,"Song playback speed ramps over track time (not combo). Unlike Heat (scroll) or Double Time (fixed fast).","Скорость воспроизведения песни плавно меняется по ходу трека. Не от комбо — в отличие от «Разгона» (прокрутка) и «Ускорения» (сразу быстрее)."
MOD_ABBR_TW,TW,ИВ
MOD_TITLE_PICK_MODE,Pick Mode,Режим медиатора
MOD_DESC_PICK_MODE,"Hold the lane key, then confirm each note with Mediator Up or Mediator Down — like lifting the pick after a strum.","Зажмите клавишу линии и подтвердите каждую ноту «медиатором вверх» или «медиатором вниз» — как отрыв медиатора после удара."
MOD_ABBR_PM,PM,РМ
MOD_TITLE_REVERSE_SCROLL,Reverse Scroll,Обратный скролл
MOD_DESC_REVERSE_SCROLL,"Hit line at the top; notes scroll upward","Линия хита сверху; ноты движутся вверх"
MOD_ABBR_RS,RS,ОБ
MOD_TITLE_MEMORY_MODE,Progressive Memory,Прогрессивная память
MOD_DESC_MEMORY_MODE,"Note visibility gradually decreases over the song. By the end of the track, much less visual information remains on screen.","Видимость нот постепенно уменьшается по ходу песни. К концу трека на экране остаётся значительно меньше визуальной информации."
MOD_ABBR_MM,MM,ПМ
MOD_TITLE_DYNAMIC_LANES,Dynamic Lanes,Динамические линии
MOD_DESC_DYNAMIC_LANES,"Lane count changes as the song progresses. Calm sections use fewer lanes; dense sections use more. Changes follow musical sections defined by Rhythm DNA.","Количество линий меняется по ходу песни. Спокойные участки играются на меньшем числе линий, а насыщенные — на большем. Изменения происходят на музыкальных секциях, определённых Rhythm DNA."
MOD_ABBR_DL,DL,ДЛ
MOD_TITLE_ENERGY_PULSE,Energy Pulse,Энергетический пульс
MOD_DESC_ENERGY_PULSE,"Music tempo follows the energy of the track. Quiet sections play slower; the busiest sections play faster. Note scroll speed is unchanged.","Темп музыки следует энергии композиции. Тихие секции звучат медленнее, а самые насыщенные — быстрее. Скорость прокрутки нот не меняется."
MOD_DESC_ENERGY_PULSE_PARAM,Current settings: song playback %d%%–%d%% mapped from section energy.,Текущие настройки: скорость песни %d%%–%d%% по энергии секций.
MOD_ABBR_EP,EP,ЭП
MOD_TITLE_DENSITY_FOCUS,Density Focus,Фокус плотности
MOD_DESC_DENSITY_FOCUS,"Dense moments get more intense. On busy sections scroll speeds up and the visible area narrows; on calm sections everything returns to normal.","Плотные моменты становятся напряжённее. На насыщенных участках ускоряется прокрутка и сужается видимая область, а на спокойных всё возвращается к обычному виду."
MOD_DESC_DENSITY_FOCUS_PARAM,Current settings: up to %d%% scroll and %d px visibility band on dense sections.,Текущие настройки: до %d%% прокрутки и полоса видимости %d px на плотных секциях.
MOD_ABBR_DF,DF,ФП
MOD_PARAM_DENSITY_FOCUS_SCROLL,Max scroll on dense,Макс. скролл на плотных
MOD_PARAM_DENSITY_FOCUS_BAND,Visibility band on dense,Зона видимости на плотных
MOD_SUBCAT_DNA_FOCUS,Density & focus,Плотность и фокус
MOD_SUBCAT_DNA_BEHAVIOR,Section behavior,Поведение по секциям
MOD_TITLE_PHRASE_SHIFT,Phrase Shift,Смена фраз
MOD_DESC_PHRASE_SHIFT,"Each musical section gets its own challenge. Depending on the section, reverse scroll, hidden visibility, or faster notes may activate. Only one effect applies per section.","Каждая музыкальная секция получает собственное испытание. В зависимости от характера участка могут включаться обратная прокрутка, скрытая видимость или ускорение нот. Для каждой секции выбирается только один эффект."
MOD_DESC_PHRASE_SHIFT_PARAM,Current settings: finale scroll %d%%; loud/quiet visibility band %d px.,Текущие настройки: прокрутка в финале %d%%; полоса видимости тихо/громко %d px.
MOD_ABBR_PS,PS,СФ
MOD_PARAM_PHRASE_SHIFT_HEAT_SCROLL,Finale scroll speed,Скорость скролла в финале
MOD_PARAM_PHRASE_SHIFT_HIDDEN_BAND,Loud/quiet visibility band,Полоса видимости (тихо/громко)
MOD_TITLE_GROOVE_LOCK,Groove Lock,Захват грува
MOD_DESC_GROOVE_LOCK,"Groovy sections become more demanding. During the most rhythmic parts, scroll speeds up, hit windows tighten, and visibility shrinks.","Грувовые участки становятся требовательнее. Во время самых ритмичных секций увеличивается скорость прокрутки, сужаются окна попадания и уменьшается область видимости."
MOD_DESC_GROOVE_LOCK_PARAM,Current settings: %d%% scroll; %d%% timing; %d px visibility band on groove sections.,Текущие настройки: %d%% прокрутка; %d%% тайминг; полоса видимости %d px на качающих секциях.
MOD_ABBR_GL,GL,ЗГ
MOD_PARAM_GROOVE_LOCK_SCROLL,Scroll on groove sections,Прокрутка на качающих секциях
MOD_PARAM_GROOVE_LOCK_TIMING,Timing on groove sections,Тайминг на качающих секциях
MOD_PARAM_GROOVE_LOCK_BAND,Visibility on groove sections,Видимость на качающих секциях
MOD_TITLE_ADAPTIVE,Adaptive,Адаптив
MOD_DESC_ADAPTIVE,"The challenge adapts to each section of the song. Rhythm DNA automatically picks one effect — faster music, faster scroll, or limited visibility — based on what fits the current section.","Испытание подстраивается под каждую секцию песни. Rhythm DNA автоматически выбирает один эффект — ускорение музыки, ускорение прокрутки или ограниченную видимость — в зависимости от особенностей текущего участка."
MOD_DESC_ADAPTIVE_PARAM,Current settings: Heat-like scroll %d%%; hidden band %d px; song speed %d%%.,Текущие настройки: прокрутка как «Разгон» %d%%; скрытая полоса %d px; скорость песни %d%%.
MOD_ABBR_AD,AD,АД
MOD_PARAM_ADAPTIVE_HEAT_SCROLL,Adaptive scroll boost,Буст скролла
MOD_PARAM_ADAPTIVE_HIDDEN_BAND,Adaptive hidden band,Скрытая полоса видимости
MOD_PARAM_ADAPTIVE_SPEED,Adaptive song speed,Скорость песни
MOD_TITLE_MIRROR_MODE,Mirror,Зеркало
MOD_DESC_MIRROR_MODE,"Left and right lanes swap for the whole track — notes on the left appear on the right, and vice versa.","Левые и правые линии меняются местами на весь трек — ноты слева оказываются справа и наоборот."
MOD_ABBR_MR,MR,ЗК
MOD_TITLE_SHUFFLE_MODE,Shuffle,Перестановка
MOD_DESC_SHUFFLE_MODE,"Lanes get a new key layout for the whole track. The mapping stays the same until the song ends.","Линии получают новую раскладку клавиш на весь трек. Расположение остаётся неизменным до конца песни."
MOD_ABBR_SF,SF,ПС
MOD_TITLE_RANDOM_MODE,Random lanes,Случайные линии
MOD_DESC_RANDOM_MODE,"Lane layout changes during the song. A new mapping is applied several times over the track.","Раскладка линий меняется во время песни. Новое расположение применяется несколько раз за трек."
MOD_ABBR_RN,RN,СЛ
GAME_NOTICE_LANES_REMAPPED,Lanes shuffled,Линии перемешаны
GAME_NOTICE_LANES_REMAPPED_DNA,New section — lanes shuffled,Новая секция — линии перемешаны
GAME_NOTICE_COMBO_ESCALATION,Escalation: %s,Эскалация: %s
MOD_TITLE_COMBO_ESCALATION,Combo escalation,Эскалация по комбо
MOD_DESC_COMBO_ESCALATION,"Starts with a random hardening modifier; every ~5% of chart notes hit (min. 25) it swaps to another.","Старт со случайным модом усложнения; каждые ~5% попаданий по чарту (мин. 25) — смена на другой."
MOD_ABBR_CE,CE,ЭК
MOD_TITLE_METRONOME_ONLY,Metronome only,Только метроном
MOD_DESC_METRONOME_ONLY,"The song is muted; you hear only metronome clicks on the chart beat grid — same timing as the falling notes.","Песня без звука — слышен только метроном по сетке ударов чарта, в том же ритме, что и падающие ноты."
MOD_TITLE_HEAT,Heat,Разгон
MOD_DESC_HEAT,"Scroll speed rises with combo length. After a miss, it gradually returns to normal.","Скорость прокрутки растёт вместе с длиной комбо. После промаха она постепенно возвращается к обычному значению."
MOD_DESC_HEAT_PARAM,"Every %d combo → up to %d%% scroll at %d combo.","Каждые %d комбо → до %d%% прокрутки при %d комбо."
MOD_DESC_HEAT_PARAM_CHART,"Every %.0f%% hits → up to %d%% scroll at %.0f%%.","Каждые %.0f%% попаданий → до %d%% прокрутки при %.0f%% чарта."
MOD_TITLE_SPOTLIGHT,Spotlight,Прожектор
MOD_DESC_SPOTLIGHT,"Only the area around the hit line stays visible. The rest of the lanes are dimmed.","Видимой остаётся только область возле линии попадания. Остальная часть дорожек затемняется."
MOD_DESC_SPOTLIGHT_PARAM,"Visible band %d px, darkness %d%%.","Видимая полоса %d px, затемнение %d%%."
MOD_TITLE_SILENCE,Silence,Тишина
MOD_DESC_SILENCE,"Music drops out completely from time to time. For short stretches, notes and your internal sense of rhythm are all you have.","Музыка периодически полностью пропадает. На коротких участках ориентиром остаются только ноты и внутреннее чувство ритма."
MOD_DESC_SILENCE_PARAM,"Every %.0f s, mute %.1f–%.1f s.","Каждые %.0f с — тишина %.1f–%.1f с."
MOD_DESC_SILENCE_PARAM_TRACK,"Every %.0f%% of track, mute %.1f–%.1f s.","Каждые %.0f%% трека — тишина %.1f–%.1f с."
MOD_ABBR_HE,HE,РГ
MOD_ABBR_SP,SP,ПР
MOD_ABBR_SI,SI,ТШ
MOD_SUBCAT_HARD_AUDIO,Audio,Звук
MOD_PARAM_HEAT_STEP_MODE,Growth step,Шаг роста
MOD_PARAM_HEAT_STEP_COMBO,Every N combo,Каждые N комбо
MOD_PARAM_HEAT_STEP_CHART,Every N% of hits,Каждые N% попаданий
MOD_PARAM_HEAT_MAX_SPEED,Max scroll speed,Макс. скорость
MOD_PARAM_HEAT_PEAK_COMBO,Max at combo,Макс. при комбо
MOD_PARAM_HEAT_PEAK_CHART,Max at chart %,Макс. при N% чарта
MOD_PARAM_HEAT_TIER1,Combo tier 1,Порог комбо 1
MOD_PARAM_HEAT_TIER2,Combo tier 2,Порог комбо 2
MOD_PARAM_HEAT_TIER3,Combo tier 3,Порог комбо 3
MOD_PARAM_HEAT_MULT_TIER1,Scroll tier 1,Скорость уровень 1
MOD_PARAM_HEAT_MULT_TIER2,Scroll tier 2,Скорость уровень 2
MOD_PARAM_HEAT_MULT_TIER3,Scroll tier 3,Скорость уровень 3
MOD_PARAM_SILENCE_SCHEDULE_MODE,Silence schedule,Расписание тишины
MOD_PARAM_SILENCE_SCHEDULE_SECONDS,Every N seconds,Каждые N секунд
MOD_PARAM_SILENCE_SCHEDULE_TRACK,Every N% of track,Каждые N% трека
MOD_PARAM_SILENCE_INTERVAL_TRACK,Track interval,Интервал по треку
MOD_PARAM_SILENCE_INTERVAL,Silence interval,Интервал тишины
MOD_PARAM_SILENCE_DURATION_MIN,Min silence duration,Мин. длительность тишины
MOD_PARAM_SILENCE_DURATION_MAX,Max silence duration,Макс. длительность тишины
MOD_PARAM_SPOTLIGHT_DARKNESS,Darkness,Затемнение
MOD_PARAM_SILENCE_METRONOME,Metronome during silence,Метроном во время тишины
MOD_PARAM_SPOTLIGHT_BAND,Visible band,Видимая полоса
MOD_TITLE_RUSH,Rush,Рывок
MOD_DESC_RUSH,"Scroll speed surges on a schedule — bar-synced or timed bursts (toggle in Parameters). Same chart always rushes in the same spots.","Скачки скорости по расписанию — по тактам или по секундам (переключатель в «Параметрах»). У одной песни рывки всегда в одних местах."
MOD_DESC_RUSH_PARAM_BARS,"Every %d bars from bar %d → up to %d%% scroll.","Каждые %d такта с такта %d → до %d%% прокрутки."
MOD_DESC_RUSH_PARAM_TIME,"Every %d–%d s → up to %d%% scroll.","Всплески каждые %d–%d с → до %d%% прокрутки."
MOD_TITLE_LAST_CHANCE,Last Chance,Последний шанс
MOD_DESC_LAST_CHANCE,"When health hits zero you rewind a few seconds and get one continue; any miss after that ends the run.","При нуле здоровья — отмотка на несколько секунд и одна попытка продолжить; после этого любой промах завершает забег."
MOD_TITLE_GROOVE_ADDICTION,Groove Addiction,Зависимость от грува
MOD_DESC_GROOVE_ADDICTION,"The cleaner you play, the harder the next groovy sections become. Clearing groove sections without mistakes gradually ramps up their difficulty. Mistakes reset the buildup.","Чем чище играешь, тем сложнее становятся следующие грувовые секции. Успешное прохождение таких участков постепенно усиливает их сложность. Ошибки сбрасывают накопление."
MOD_DESC_GROOVE_ADDICTION_PARAM,Current settings: up to tier %d — %d%% scroll / %d%% timing per groove block.,Текущие настройки: до уровня %d — %d%% прокрутка / %d%% тайминг за блок грува.
MOD_TITLE_ENERGY_BALANCE,Energy Balance,Баланс энергии
MOD_DESC_ENERGY_BALANCE,"Timing shifts with the song's energy. Hit windows widen on calm sections and narrow on the most intense ones.","Тайминг меняется вместе с энергией песни. На спокойных участках окна попадания становятся шире, а на самых напряжённых — уже."
MOD_DESC_ENERGY_BALANCE_PARAM,Current settings: calm sections %d%% / intense sections %d%% timing windows.,Текущие настройки: спокойные секции %d%% / напряжённые %d%% окна тайминга.
MOD_ABBR_RU,RU,РВ
MOD_ABBR_LC,LC,ПШ
MOD_ABBR_GA,GA,ЗА
MOD_ABBR_EB,EB,БЭ
MOD_PARAM_RUSH_BAR_MODE,Sync bursts to bar lines,По тактам
MOD_PARAM_RUSH_BARS_INTERVAL,Bars between bursts,Тактов между рывками
MOD_PARAM_RUSH_FIRST_BAR,First burst at bar,Первый рывок на такте
MOD_PARAM_RUSH_SCROLL_BARS,Burst scroll (bars),Скорость всплеска (такты)
MOD_PARAM_RUSH_TIME_INTERVAL_MIN,Min burst interval,Мин. интервал всплеска
MOD_PARAM_RUSH_TIME_INTERVAL_MAX,Max burst interval,Макс. интервал всплеска
MOD_PARAM_RUSH_SCROLL_TIME,Burst scroll (timed),Скорость всплеска (секунды)
MOD_PARAM_RUSH_BURST_DURATION,Burst duration,Длительность всплеска
MOD_PARAM_RUSH_SCROLL,Burst scroll speed,Скорость скролла всплеска
MOD_PARAM_RUSH_RAMP,Burst fade-in/out,Плавность всплеска
MOD_PARAM_HEAT_AFFECT_SONG,Change song speed too,Менять скорость песни
MOD_PARAM_RUSH_AFFECT_SONG,Change song speed too,Менять скорость песни
GAME_NOTICE_SPEED_HEAT,Heat +%d%%,Разгон +%d%%
GAME_NOTICE_SPEED_RUSH,Rush +%d%%,Рывок +%d%%
GAME_NOTICE_SPEED_MOD,%s +%d%%,%s +%d%%
GAME_NOTICE_SPEED_SLOW,Song −%d%%,Трек −%d%%
MOD_PARAM_ENERGY_BALANCE_CALM,Calm section timing,Тайминг спокойных секций
MOD_PARAM_ENERGY_BALANCE_INTENSE,Intense section timing,Тайминг интенсивных секций
MOD_PARAM_GROOVE_ADDICTION_SCROLL,Max groove scroll,Макс. прокрутка на качающих секциях
MOD_PARAM_GROOVE_ADDICTION_TIMING,Max groove timing strictness,Макс. строгость тайминга на качающих секциях
MOD_PARAM_GROOVE_ADDICTION_MAX_TIER,Addiction tiers,Уровни зависимости
GAME_NOTICE_LAST_CHANCE,Last chance — don't miss!,Последний шанс — не промахнись!
GAME_NOTICE_RESUME_REWIND,Rewinding 3 seconds…,Отмотка на 3 секунды…
MOD_ABBR_MO,MO,МТ
MOD_DNA_REQUIRED,Requires Rhythm DNA (.rfd) for this track,Нужна Rhythm DNA (файл .rfd) для этого трека
CONTROLS_LAYOUT_MODE,Active layouts,Активные раскладки
CONTROLS_LAYOUT_PRIMARY,Primary layout only,Только основная раскладка
CONTROLS_LAYOUT_ALT,Alternative layout only,Только альтернативная раскладка
CONTROLS_LAYOUT_BOTH,Both layouts,Обе раскладки
CONTROLS_LAYOUT_DESC,"Choose which key layouts are active during gameplay. Both layouts can be used at the same time.","Выберите, какие раскладки активны в игре. Можно использовать обе одновременно."
CONTROLS_SECTION_PRIMARY,Primary layout,Основная раскладка
CONTROLS_SECTION_ALT,Alternative layout,Альтернативная раскладка
CONTROLS_SECTION_LANES,Lanes,Линии
CONTROLS_SECTION_MEDIATOR,Mediator,Медиатор
CONTROLS_MEDIATOR_UP,Mediator Up,Медиатор вверх
CONTROLS_MEDIATOR_DOWN,Mediator Down,Медиатор вниз
CONTROLS_GH_SECTION,Guitar Hero controller,Контроллер Guitar Hero
CONTROLS_GH_ENABLE,Enable guitar controller,Включить гитарный контроллер
CONTROLS_GH_DESC,"Gameplay only: five colored frets map to lanes; D-Pad up/down are stram (Pick mode); Start pauses, Select skips like Space. Keyboard stays active.","Только в игре: пять цветных ладов — линии; D-Pad вверх/вниз — страм (режим Pick); Start — пауза, Select — пропуск как Пробел. Клавиатура остаётся активной."
CONTROLS_GH_AUTO_DETECT,Auto-detect controller,Автоопределение контроллера
CONTROLS_GH_DEVICE,Controller,Контроллер
CONTROLS_GH_DEVICE_AUTO,Auto (first controller),Авто (первый контроллер)
CONTROLS_GH_DEVICE_NONE,No controller found,Контроллер не найден
CONTROLS_GH_DETECTED,detected,определён
CONTROLS_GH_STATUS,Status: %s,Статус: %s
CONTROLS_GH_STATUS_DISABLED,Guitar controller disabled,Гитарный контроллер выключен
CONTROLS_GH_FRETS,Fret buttons,Кнопки ладов
CONTROLS_GH_COLOR_GREEN,Green,Зелёный
CONTROLS_GH_COLOR_RED,Red,Красный
CONTROLS_GH_COLOR_YELLOW,Yellow,Жёлтый
CONTROLS_GH_COLOR_BLUE,Blue,Синий
CONTROLS_GH_COLOR_ORANGE,Orange,Оранжевый
CONTROLS_GH_STRAM,Stram,Страм
CONTROLS_GH_STRAM_UP,Upper stram,Верхний страм
CONTROLS_GH_STRAM_DOWN,Lower stram,Нижний страм
CONTROLS_GH_SYSTEM,System,Система
CONTROLS_GH_PAUSE,Pause (Start),Пауза (Start)
CONTROLS_GH_SKIP,Skip (Select),Пропуск (Select)
CONTROLS_GH_TEST,Input test,Проверка ввода
CONTROLS_GH_TEST_HINT,Press buttons on the connected controller — lanes light up here.,Нажимайте кнопки на подключённом контроллере — линии подсветятся здесь.
CONTROLS_GH_TEST_IDLE,Waiting for input…,Ждём нажатие…
CONTROLS_GH_TEST_LAST,Last input: %s,Последний ввод: %s
CONTROLS_GH_RESET_KEYS,Reset button bindings,Сбросить назначение кнопок
CONTROLS_GH_REFRESH,Detect controllers,Найти контроллеры
CONTROLS_GH_HINT,Press a controller button to remap · ESC to cancel,Нажмите кнопку на геймпаде для переназначения · ESC — отмена
CONTROLS_GH_TOAST_DETECTED,Guitar detected: %s,Определён контроллер: %s
UPDATE_VERSION_LABEL,Version: %s,Версия: %s
UPDATE_CHECK_BUTTON,Check for updates,Проверить обновления
UPDATE_CHECK_ON_STARTUP,Check for updates on startup,Проверять обновления при запуске
UPDATE_CHECKING,Checking for updates…,Проверка обновлений…
UPDATE_UP_TO_DATE,You have the latest version (%s).,У вас актуальная версия (%s).
UPDATE_AVAILABLE_TITLE,Update available,Доступно обновление
UPDATE_AVAILABLE_TEXT,A new version is available: %s\nYou are on %s.,Вышла новая версия: %s\nУ вас установлена %s.
UPDATE_BTN_OPEN,Open download page,Открыть страницу загрузки
UPDATE_BTN_LATER,Later,Позже
UPDATE_ERROR_NETWORK,Could not check for updates. Check your internet connection.,Не удалось проверить обновления. Проверьте подключение к интернету.
UPDATE_ERROR_PARSE,Could not read update information.,Не удалось прочитать информацию об обновлении.
GENQA_DIALOG_TITLE,Mark generation issue,Отметить проблему генерации
GENQA_DIALOG_HINT,F10 — mark · Shift+F10 — range end · Esc — cancel · Enter/Space — save,F10 — отметить · Shift+F10 — конец интервала · Esc — отмена · Enter/Пробел — сохранить
GENQA_SAVE,Save,Сохранить
GENQA_COMMENT_LABEL,Comment,Комментарий
GENQA_COMMENT_PLACEHOLDER,Optional — what sounds wrong?,Необязательно — что не так со звуком?
GENQA_META_FMT,"%s · %s · %s s · m%d beat %.1f · ★%d · %s","%s · %s · %s с · такт %d доля %.1f · ★%d · %s"
GENQA_SAVED,Issue saved for analysis,Проблема сохранена для разбора
GENQA_ISSUE_MISSING_NOTES,Missing notes,Не хватает нот
GENQA_ISSUE_TOO_MANY,Too many notes,Слишком много нот
GENQA_ISSUE_WRONG_TIMING,Wrong timing,Неверный тайминг
GENQA_ISSUE_BROKEN_PATTERN,Broken pattern,Сломанный паттерн
GENQA_ISSUE_WRONG_DENSITY,Wrong density,Неверная плотность
GENQA_ISSUE_OTHER,Other,Другое
GENQA_UNTIL_END,Until end of track,До конца трека
GENQA_NOTICED_LATE,Noticed late (mark time ≠ problem start),Опоздал с отметкой (время кнопки ≠ начало проблемы)
GENQA_ISSUE_MEASURE_LABEL,Problem around measure (0 = unknown),Проблема около такта (0 = не знаю)
GENQA_DENSITY_FMT,"Chart density: m−1 %d · here %d · m+1 %d · window avg %.1f notes/measure","Плотность чарта: такт−1 %d · здесь %d · такт+1 %d · среднее %.1f нот/такт"
GENQA_RANGE_END_SAVED,Range end saved,Конец интервала сохранён
GENQA_NO_OPEN_MARK,No open mark — press F10 first,Нет открытой отметки — сначала F10
BTN_RHYTHM_DNA,About generation · Beta,О генерации · Бета
DNA_DIALOG_TITLE,Rhythm DNA · Beta,Rhythm DNA · Бета
DNA_DIALOG_SUBTITLE,Generation passport,Паспорт генерации
DNA_EMPTY,No generation report for this chart yet.,Для этой карты пока нет отчёта о генерации.
DNA_TOOLTIP_UNAVAILABLE,Generate notes on an updated server to receive the report.,Сгенерируйте ноты на обновлённом сервере — отчёт появится после генерации.
DNA_TOOLTIP_OPEN,Open generation report,Открыть отчёт о генерации
DNA_TOAST_UNAVAILABLE,No server report yet. Generate notes again — the server will send Rhythm DNA.,Отчёта с сервера пока нет. Перегенерируйте ноты — сервер передаст Rhythm DNA.
DNA_UI_TRACK_STRUCTURE,Track structure,Структура трека
DNA_UI_STRUCTURE_PLACEHOLDER,Section timeline and waveform — coming in a future update.,Таймлайн секций и waveform — в следующих версиях.
DNA_HINT_REMOVED_SECTION,Weak section events,Слабые события в секциях
DNA_HINT_REMOVED_CLUSTER,Dense clusters,Плотные кластеры
DNA_HINT_REMOVED_SALIENCE,Low-salience hits,Мало значимые удары
DNA_HINT_REMOVED_PLAYABILITY,Impossible transitions,Невозможные переходы
DNA_HINT_ADDED_ENTRY,Drum entry recovery,Восстановление входа ударных
DNA_HINT_ADDED_FILL,Fill-zone restoration,Восстановление fill-зон
DNA_HINT_SAVED_PATTERN,Repeating patterns,Повторяющиеся паттерны
DNA_HINT_SAVED_DYNAMICS,Natural dynamics,Естественная динамика
DNA_FOUND_ACTIVITY_ONLY,Weak percussion — kept %d chart hits from overall activity.,Слабая перкуссия — сохранено %d ударов по общей активности трека.
DNA_WARN_NO_DRUMS_CHART,Almost no drums detected (%d notes). Map follows weak rhythmic activity — quality may differ.,Ударных почти нет (%d нот). Карта по слабой ритмической активности — результат может отличаться.
DNA_SEG_QUIET,Quiet,Тихо
DNA_SEG_SPARSE,Sparse,Редко
DNA_SEG_STEADY,Steady groove,Стабильный грув
DNA_SEG_DENSE,Dense,Плотно
DNA_SEG_LOUD_QUIET,Loud mix / weak drums,Громкий микс / слабые ударные
DNA_ROLE_INTRO,Intro,Вступление
DNA_ROLE_BODY,Body,Основная часть
DNA_ROLE_PEAK,Peak,Пик
DNA_ROLE_VERSE,Verse,Куплет
DNA_ROLE_CHORUS,Chorus,Припев
DNA_ROLE_BRIDGE,Bridge,Бридж
DNA_ROLE_BREAKDOWN,Breakdown,Брейкдаун
DNA_ROLE_SOLO,Solo,Соло
DNA_ROLE_OUTRO,Outro,Финал
DNA_UI_TIMELINE_NOTES_FMT,%d notes,%d нот
DNA_DONUT_HINT,Net pipeline change — same units as “What I did”.,"Нетто по конвейеру — те же единицы, что в «Что сделано»."
DNA_DONUT_GROSS_ADDED_FMT,Recovery steps +%d (net %d),Шаги восстановления +%d (нетто %d)
DNA_UI_WHAT_I_DID_HINT,Net result: source events → final chart.,Итог конвейера: исходные события → финальная карта.
DNA_UI_SAVED_HINT,Final notes in chart,Итоговые ноты в карте
DNA_UI_DECISION_GENE,Decision gene,Ген решений
DNA_DONUT_DECISIONS,decisions,решений
DNA_DONUT_REMOVED,Removed,Удалено
DNA_DONUT_ADDED,Added,Добавлено
DNA_DONUT_CORRECTED,Corrected,Исправлено
DNA_DONUT_SAVED,Saved,Сохранено
DNA_UI_BLOCKS_PATTERN_FMT,Pattern blocks: %s,Блоки паттерна: %s
DNA_UI_BLOCK_FMT,Block %s,Блок %s
DNA_UI_TIMELINE_EXPAND_FMT,Show %d more segments,Показать ещё %d
DNA_UI_TIMELINE_COLLAPSE,Show fewer segments,Свернуть список
DNA_UI_TIMELINE_LOUD_QUIET_TIP,Loud mix with weak drums — matches structure warnings.,Громкий микс при слабых ударных — совпадает с предупреждениями.
DNA_CONFIDENCE_OVERALL_TIP,ADTof signal + chart density + genre tag − penalties per warning.,Сигнал ADTof + плотность карты + жанр из тегов − штраф за каждое предупреждение.
DNA_CONFIDENCE_DRUM_TIP,Strength of kick/snare detection in ADTof.,Сила детекции kick/snare в ADTof.
DNA_CONFIDENCE_BEAT_TIP,High when BPM was detected reliably.,"Высокая, если BPM определён уверенно."
DNA_CONFIDENCE_GENRE_TIP,"Based on genre metadata tag, not audio classification.","По тегу жанра в метаданных, не по анализу аудио."
DNA_CONFIDENCE_PATTERN_TIP,Higher when the final chart has more rhythmic events.,"Выше, когда в финальной карте больше ритм-событий."
DNA_BADGE_WEAK_PERCUSSION,Weak percussion,Слабая перкуссия
DNA_BADGE_WEAK_PERCUSSION_TIP,Drums are unreliable for this track — see Rhythm DNA.,Ударные ненадёжны для этого трека — см. Rhythm DNA.
DNA_UI_PERCUSSION_LOW,Drums not reliable for this track,Ударные ненадёжны для этого трека
DNA_UI_ANALYSIS_CONFIDENCE,Analysis confidence,Уверенность анализа
DNA_UI_LANES_FMT,%d lanes,%d линий
DNA_UI_NOTES_FMT,%d notes,%d нот
DNA_UI_WHAT_I_DID,What I did,Что сделано
DNA_UI_REMOVED,Removed,Удалено
DNA_UI_ADDED,Added,Добавлено
DNA_UI_SAVED,Saved,Сохранено
DNA_UI_TRACK_GENES,Track genes,Гены трека
DNA_UI_STRUCTURE_GENE,Structure gene,Ген структуры
DNA_UI_ADTOF,Drum detection (ADTof),Детекция ударных (ADTof)
DNA_UI_ADTOF_KICK_SNARE_FMT,kick %d · snare %d,kick %d · snare %d
DNA_UI_MEASURES_FMT,%d measures,%d тактов
DNA_UI_MIX_DRUM_RATIO_FMT,mix/drum ratio %.2f,микс/барабаны %.2f
DNA_UI_QUIET_DRUM_FMT,%d quiet-drum windows,%d участков тихих ударных
DNA_WARN_CLIENT_FALLBACK,Server did not send a full report — this is a local summary from the saved chart.,Сервер не прислал полный отчёт — это локальная сводка по сохранённой карте.
DNA_WARN_LEGACY_CHART,Report created from the existing chart — regenerate for a full server report.,Отчёт собран по текущей карте — для полного серверного отчёта перегенерируйте.
DNA_TRACK_FMT,%s — %s,%s — %s
DNA_META_BPM_FMT,%d BPM,%d BPM
DNA_META_GENRE_FMT,genre %s,жанр %s
DNA_SECTION_FOUND,What I found:,Что обнаружено:
DNA_SECTION_PIPELINE,Pipeline:,Конвейер:
DNA_PIPELINE_SIMPLE_FMT,Final chart: %d notes,Итоговая карта: %d нот
DNA_PIPELINE_LINE_FMT,Source events: %d,Исходных событий: %d
DNA_PIPELINE_LINE2_FMT,Before sections: %d · after sections: %d,До секций: %d · после секций: %d
DNA_PIPELINE_LINE3_FMT,Final: %d events (%d notes),Финал: %d событий (%d нот)
DNA_PIPELINE_DELTA_FMT,Removed %d · added %d net,Удалено %d · добавлено %d
DNA_SECTION_DECISIONS,My decisions:,Мои решения:
DNA_SECTION_RHYTHM,Rhythm gene:,Ритм-ген:
DNA_SECTION_WARNINGS,Warnings:,Предупреждения:
DNA_SECTION_CONFIDENCE,Analysis confidence:,Уверенность анализа:
DNA_GENE_KIT_DETECTED,Drum kit detected,Обнаружена ударная установка
DNA_GENE_GROOVE_FMT,Groove stability: %s,Стабильность грува: %s
DNA_GENE_FILL_FMT,Fill density: %s,Плотность филлов: %s
DNA_LEVEL_HIGH,High,Высокая
DNA_LEVEL_MEDIUM,Medium,Средняя
DNA_LEVEL_LOW,Low,Низкая
DNA_CONFIDENCE_OVERALL,Overall,Общая
DNA_CONFIDENCE_DRUM,Drum detection,Детекция ударных
DNA_CONFIDENCE_BEAT,Beat tracking,Отслеживание бита
DNA_CONFIDENCE_GENRE,Genre,Жанр
DNA_CONFIDENCE_PATTERN,Patterns,Паттерны
DNA_CONFIDENCE_OVERALL_FMT,Overall: %d%%,Общая: %d%%
DNA_CONFIDENCE_DRUM_FMT,Drum detection: %d%%,Детекция ударных: %d%%
DNA_CONFIDENCE_BEAT_FMT,Beat tracking: %d%%,Отслеживание бита: %d%%
DNA_CONFIDENCE_GENRE_FMT,Genre: %d%%,Жанр: %d%%
DNA_CONFIDENCE_PATTERN_FMT,Pattern: %d%%,Паттерны: %d%%
DNA_FOOTER,Rhythm DNA explains the result in plain language — not every internal algorithm.,Rhythm DNA объясняет результат простым языком — не каждый внутренний алгоритм.
DNA_FOUND_KIT,Classic drum kit pattern,Классическая ударная установка
DNA_FOUND_BPM,Stable tempo: %d BPM,Стабильный темп: %d BPM
DNA_FOUND_GROOVE,Repeating drum groove,Повторяющийся барабанный грув
DNA_WARN_LOW_PERCUSSION,Track has almost no percussion (%d events) — map may lack micro-dynamics.,В треке почти нет перкуссии (%d событий) — карта может быть «плоской».
DNA_WARN_SPARSE_CHART,Very sparse chart (%d events).,Очень редкая карта (%d событий).
DNA_WARN_QUIET_DRUM_SECTIONS,%d sections with loud mix but quiet drums.,%d участков: громкий микс при тихих ударных.
DNA_WARN_SNARE_WEAK,Snare/clap signal is weak for this genre.,Сигнал snare/clap слабый для этого жанра.
DNA_DEC_SECTION_PASS,Section pass removed %d weak events.,Секционный проход убрал %d слабых событий.
DNA_DEC_SALIENCE,Salience filter removed %d of %d rhythm hits.,Фильтр значимости убрал %d из %d ударов.
DNA_DEC_FILL_ZONE,Fill-zone logic touched %d core + %d halo measures.,Fill-zone: %d core + %d halo тактов.
DNA_DEC_DRUM_ENTRY,Drum entry recovery added %d events.,Drum entry восстановил %d событий.
DNA_DEC_PLAYABILITY,Playability linter removed %d impossible hits.,Playability-linter убрал %d невозможных ударов.
DNA_DEC_CLUSTER,Cluster/merge pass removed %d extra events.,Кластер/merge убрал %d лишних событий.
DNA_DEC_MINIMAL,Minimal cleanup — chart kept close to detected hits.,Минимальная правка — карта близка к детекции.
PROFILE_SHARE_AVG_DIFFICULTY,Avg. difficulty,Ср. сложность
PROFILE_SHARE_BEST_GRADE,Best grade: %s,Лучшая оценка: %s
PROFILE_SHARE_BEST_MASTERY,Best mastery: Lv.%d,Лучшее мастерство: ур.%d
PROFILE_SHARE_CARD_ACCURACY,Accuracy,Точность
PROFILE_SHARE_CARD_GRADES,Grades,Оценки
PROFILE_SHARE_CARD_MUSIC,Music profile,Музыка
PROFILE_SHARE_CARD_OVERVIEW,Overview,Обзор
PROFILE_SHARE_CARD_PROGRESS,Progress,Прогресс
PROFILE_SHARE_CARD_RECORDS,Records,Рекорды
PROFILE_SHARE_CARD_PLAY_MODES,Play modes,Режимы
PROFILE_SHARE_CARD_STATISTICS,Statistics,Статистика
PROFILE_SHARE_COLLECTION_LEADERS,Genre mastery,Мастерство жанров
PROFILE_SHARE_DAILY_QUESTS,Daily quests,Ежед. квесты
PROFILE_SHARE_DAYS_IN_GAME,Days in game,Дней в игре
PROFILE_SHARE_EXPORT_ALL_OK,Saved %d cards to %s,Сохранено %d карточек в %s
PROFILE_SHARE_EXPORT_ERR_BROWSER,Edge/Chrome not found for HTML render,Не найден Edge/Chrome для HTML-рендера
PROFILE_SHARE_EXPORT_ERR_HTML,HTML card templates missing,Не найдены HTML-шаблоны карточек
PROFILE_SHARE_EXPORT_ERR_PLAYWRIGHT,Install Playwright: pip install playwright && playwright install msedge,Установите Playwright: pip install playwright && playwright install msedge
PROFILE_SHARE_EXPORT_ERR_PYTHON,Python not found for HTML export,Не найден Python для HTML-экспорта
PROFILE_SHARE_EXPORT_ERR_CODE,Export error: %s,Ошибка экспорта: %s
PROFILE_SHARE_EXPORT_ERR_RENDER,Could not render card,Не удалось отрисовать карточку
PROFILE_SHARE_EXPORT_ERR_WRITE,Could not save PNG,Не удалось сохранить PNG
PROFILE_SHARE_EXPORT_OK,Saved: %s,Сохранено: %s
PROFILE_SHARE_EXPORT_SAVING,Saving…,Сохранение…
PROFILE_SHARE_FAVORITE_GENRE,Favorite genre,Любимый жанр
PROFILE_SHARE_FOOTER_SITE,rhythmfall.gg,rhythmfall.gg
PROFILE_SHARE_GENRE_PERCENT,%.0f%% of all plays,%.0f%% всех прохождений
PROFILE_SHARE_GRADES_TOTAL,Graded clears,Прохождений с оценкой
PROFILE_SHARE_LEVELS_COMPLETED,Levels completed,Уровней пройдено
PROFILE_SHARE_MASTERY_OF,%d / %d groups,%d / %d групп
PROFILE_SHARE_MASTERY_SUMMARY,Collection: %d / %d groups,Коллекция: %d / %d групп
PROFILE_SHARE_MODAL_FOOTER,1–5 or click · Enter save · Shift+Enter save all · Esc back,1–5 или клик · Enter сохранить · Shift+Enter все · Esc назад
PROFILE_SHARE_MODAL_HINT,Save your profile stats as PNG cards and share them. Pick one with 1–5 or save all five.,Сохраните статистику профиля в PNG-карточках и поделитесь. Выберите одну (1–5) или сохраните все пять.
PROFILE_SHARE_MODAL_TITLE,Export statistics,Экспорт статистики
PROFILE_SHARE_MUSIC_FACT,%s · %.0f%% of plays,%s · %.0f%% прохождений
PROFILE_SHARE_MUSIC_FACT_DIVERSITY,You unlocked %d of %d genre groups,Открыто %d из %d жанровых групп
PROFILE_SHARE_MUSIC_FACT_SECOND,#2 genre: %s · %.0f%%,#2 жанр: %s · %.0f%%
PROFILE_SHARE_MUSIC_FACT_TOP,You play %s more than any other genre,Чаще всего играешь %s
PROFILE_SHARE_NOTES_HIT,%d notes hit,%d попаданий
PROFILE_SHARE_NOTES_MISS,%d notes missed,%d промахов
PROFILE_SHARE_OPEN_BUTTON,Export,Экспорт
PROFILE_SHARE_OVERVIEW_META,%s · %d plays,%s · %d прохождений
PROFILE_SHARE_OVERVIEW_STATS,Lv.%d · %.1f%% · %s · %d tracks,Ур.%d · %.1f%% · %s · %d треков
PROFILE_SHARE_PREVIEW_LOADING,Preparing cards…,Подготовка карточек…
PROFILE_SHARE_PROGRESS_META,%d tracks · %s,%d треков · %s
PROFILE_SHARE_RECAP_BRAND,RhythmFall Recap,RhythmFall Recap
PROFILE_SHARE_RECAP_MUSIC,Genre profile,Жанровый профиль
PROFILE_SHARE_RECAP_OVERVIEW,Profile overview,Обзор профиля
PROFILE_SHARE_RECAP_RECORDS,Achievements & records,Достижения и рекорды
PROFILE_SHARE_RECAP_PLAY_MODES,Play modes,Режимы
PROFILE_SHARE_RECAP_STATISTICS,In numbers,В цифрах
PROFILE_SHARE_RECAP_SUB_OVERVIEW,Your profile,Ваш профиль
PROFILE_SHARE_RECAP_SUB_STATISTICS,All-time,За всё время
PROFILE_SHARE_RECAP_SUB_MUSIC,Genres & mastery,Жанры и мастерство
PROFILE_SHARE_RECAP_SUB_RECORDS,Peaks & milestones,Пики и достижения
PROFILE_SHARE_RECAP_SUB_PLAY_MODES,Marathon · mods · endless,Марафон · моды · бесконечный
PROFILE_SHARE_MEMBER_SINCE,In RhythmFall since %s,В RhythmFall с %s
PROFILE_SHARE_MEMBER_SINCE_LABEL,Member since,В игре с
PROFILE_SHARE_SEC_COMBAT,Combat,Бой
PROFILE_SHARE_SEC_RUN_PEAKS,Peak stats,Пиковые значения
PROFILE_SHARE_SEC_COLLECTION,Collection,Коллекция
PROFILE_SHARE_COLLECTION_GROUPS,%d of %d groups with mastery,%d из %d групп с мастерством
PROFILE_SHARE_COLLECTION_GENRES,%d of %d genres discovered,%d из %d жанров открыто
PROFILE_SHARE_COLLECTION_FULL,%d groups fully explored,%d групп полностью изучено
PROFILE_SHARE_COLLECTION_BEST,Deepest: %s · Lv.%d,Глубже всего: %s · ур.%d
PROFILE_SHARE_SEC_RR_TOP,More top RR,Ещё в топе RR
PROFILE_SHARE_SEC_PROGRESS,Progress,Прогресс
PROFILE_SHARE_SEC_GRADES_SHORT,Grades,Оценки
PROFILE_SHARE_HIT_RATE,Hit rate,Попадания
PROFILE_SHARE_STAT_HERO_SUB,%s hits · %s%% accuracy,%s попаданий · точность %s%%
PROFILE_SHARE_STAT_HERO_HITS,%s notes hit,%s попаданий
PROFILE_SHARE_CHART_SESSIONS,Last %d runs,Последние %d забегов
PROFILE_SHARE_MASTERY_HINT,Each genre group levels up as you play tracks in it (Lv.1–20).,"Группа жанра растёт, когда вы играете треки из неё (ур. 1–20)."
PROFILE_SHARE_RR_PEAK,Best Rhythm Rating,Лучший RR
PROFILE_SHARE_FACT_OVR_GENRE_GAP,%s is %d pp ahead of %s.,%s на %d п.п. впереди %s.
PROFILE_SHARE_FACT_GENRE_GAP,%s is %d pp ahead of %s.,%s на %d п.п. впереди %s.
PROFILE_SHARE_FACT_OVR_SS_SHARE,%d%% of your graded clears are SS.,%d%% ваших оценок — SS.
PROFILE_SHARE_FACT_OVR_FAVORITE,%s is your most played track (%d runs).,%s — ваш самый частый трек (%d забегов).
PROFILE_SHARE_FACT_OVR_DAYS,You've been in RhythmFall for %d days.,Вы в RhythmFall уже %d дней.
PROFILE_SHARE_FACT_OVR_XP,You're %d%% of the way to the next level.,До следующего уровня осталось %d%% прогресса.
PROFILE_SHARE_FACT_OVR_GRADE_PERFECT,Every cleared level on this card is an SS.,На карточке — только SS: идеальная серия.
PROFILE_SHARE_FACT_STAT_MISS_SHARE,Only %s notes missed — just %s%% of all played.,Всего %s промахов — это %s%% от всех нот.
PROFILE_SHARE_FACT_STAT_AVG_HITS,You average %d notes hit per run.,В среднем %d попаданий за забег.
PROFILE_SHARE_FACT_STAT_TREND,Accuracy is %s over your last %d runs.,Точность %s за последние %d забегов.
PROFILE_SHARE_FACT_TREND_UP,rising,растёт
PROFILE_SHARE_FACT_TREND_DOWN,slipping,снижается
PROFILE_SHARE_FACT_TREND_STABLE,holding steady,стабильна
PROFILE_SHARE_FACT_STAT_SS_SHARE,SS grades are %d%% of your clears.,SS — %d%% всех ваших оценок.
PROFILE_SHARE_FACT_STAT_COMBO_MISS,Your best combo is %dx longer than total misses.,Лучший комбо в %d раз больше всех промахов.
PROFILE_SHARE_FACT_MUS_GENRE_GAP,%s is %d pp ahead of %s.,%s на %d п.п. впереди %s.
PROFILE_SHARE_FACT_MUS_DISCOVERY,You've discovered %d of %d catalog genres.,Вы открыли %d из %d жанров каталога.
PROFILE_SHARE_FACT_MUS_FULL_GROUPS,%d genre groups are fully explored.,%d жанровых групп изучены полностью.
PROFILE_SHARE_FACT_MUS_PLAY_VS_MASTERY,You play %s most (Lv.%d) but mastered %s deepest (Lv.%d).,"Чаще играете %s (ур.%d), а глубже всего прокачали %s (ур.%d)."
PROFILE_SHARE_FACT_MUS_DEEP_GROUP,Your deepest mastery is %s at Lv.%d.,Глубже всего прокачан %s — ур.%d.
PROFILE_SHARE_FACT_MUS_DEEP_GROUP_DISC,%s is Lv.%d with %d/%d genres found.,"%s — ур.%d, открыто %d из %d жанров."
PROFILE_SHARE_FACT_REC_RR_SPREAD,Your top RR results span %d points.,Разброс RR в топе — %d очков.
PROFILE_SHARE_FACT_REC_SHARED_TRACK,%s appears in multiple personal records.,%s встречается в нескольких ваших рекордах.
PROFILE_SHARE_FACT_REC_MOD_CHALLENGE,Your toughest mod stack added +%d%% difficulty.,Самый жёсткий набор модов дал +%d%% сложности.
PROFILE_SHARE_FACT_REC_MILESTONE_STORY,%s — on %s.,%s — на треке «%s».
PROFILE_SHARE_FACT_REC_EXTREME,Personal best: %s.,Личный рекорд: %s.
PROFILE_SHARE_RECAP_SUBTITLE,All-time statistics,Накопительная статистика
PROFILE_SHARE_RECAP_TAGLINE,Your journey in RhythmFall.,Твой путь в RhythmFall.
PROFILE_SHARE_RECORDS_MEDALS,%d medals,%d медалей
PROFILE_SHARE_RECORDS_RR,%d RR · best streak %d,%d RR · серия %d
PROFILE_SHARE_RENDERER_GODOT,Design: Godot UI (fallback — install Playwright),Дизайн: Godot UI (fallback — установите Playwright)
PROFILE_SHARE_RENDERER_HTML,Design: HTML/CSS (Wrapped),Дизайн: HTML/CSS (Wrapped)
PROFILE_SHARE_RESULT_TITLE,Export cards,Экспорт карточек
PROFILE_SHARE_RR_EARNED,RR earned,Заработано RR
PROFILE_SHARE_RR_LINE,RR %d,RR %d
PROFILE_SHARE_SAVE_ALL,Save all five,Сохранить все
PROFILE_SHARE_SAVE_ALL_DIALOG,Choose folder for all cards,Папка для всех карточек
PROFILE_SHARE_SAVE_DIALOG,Save card as PNG,Сохранить карточку в PNG
PROFILE_SHARE_SAVE_ONE,Save selected,Сохранить выбранную
PROFILE_SHARE_SECTION_HINT,Pick a card with 1–5 or click · Enter — save PNG · Shift+Enter — save all five,Выберите карточку 1–5 или кликом · Enter — PNG · Shift+Enter — все пять
PROFILE_SHARE_SECTION_TITLE,Share cards,Карточки статистики
PROFILE_SHARE_SEC_CHART,Accuracy trend,Тренд точности
PROFILE_SHARE_SEC_FACT,Interesting fact,Интересный факт
PROFILE_SHARE_SEC_FAV_GENRE,Favorite genre,Любимый жанр
PROFILE_SHARE_SEC_FAV_TRACK,Favorite track,Любимый трек
PROFILE_SHARE_SEC_GRADES,Best grades,Лучшие оценки
PROFILE_SHARE_SEC_LEADERS,Collection leaders,Лидеры коллекции
PROFILE_SHARE_SEC_MASTERY,Genre mastery,Мастерство жанров
PROFILE_SHARE_SEC_MILESTONES,Achievements,Достижения
PROFILE_SHARE_SEC_MODS,Modifier records,Рекорды модов
PROFILE_SHARE_SEC_MARATHON,Marathon,Марафон
PROFILE_SHARE_SEC_MOD_CLEARS,Modifier clears,Прохождения с модами
PROFILE_SHARE_SEC_ENDLESS,Endless,Бесконечный
PROFILE_SHARE_HERO_MARATHON_ROUTES,Routes cleared,Маршрутов пройдено
PROFILE_SHARE_HERO_MOD_CLEARS,Modifier clears,Прохождений с модами
PROFILE_SHARE_FACT_MOD_MARATHON_COMPLETE,Marathon: %d of %d routes cleared.,Марафон: пройдено %d из %d маршрутов.
PROFILE_SHARE_FACT_MOD_TOP_MOD,Most played mod: %s ×%d.,Чаще всего: %s ×%d.
PROFILE_SHARE_FACT_MOD_HARDEST_STACK,Hardest stack cleared: %d+ mods.,Жёсткий набор: %d+ модов.
PROFILE_SHARE_FACT_MOD_ENDLESS_STREAK,Endless best streak: %d tracks.,Бесконечный: серия %d треков.
PROFILE_SHARE_FACT_MOD_BADGE_TIER,Best marathon medal: %s.,Лучшая медаль марафона: %s.
PROFILE_SHARE_SEC_RECORDS,Your records,Ваши рекорды
PROFILE_SHARE_SEC_STATS_GRID,Statistics,Статистика
PROFILE_SHARE_SEC_STREAKS,Streaks,Серии
PROFILE_SHARE_SEC_TOP_GENRES,Top genres,Топ жанров
PROFILE_SHARE_STREAK_BEST_CLEAR,Best clear streak,Лучшая серия прохождений
PROFILE_SHARE_STREAK_BEST_LOGIN,Best login streak,Лучшая серия входов
PROFILE_SHARE_STREAK_CLEAR,Best clear streak: %d days,Лучшая серия: %d дн.
PROFILE_SHARE_STREAK_CUR_CLEAR,Current clear streak,Текущая серия прохождений
PROFILE_SHARE_STREAK_CUR_LOGIN,Current login streak,Текущая серия входов
PROFILE_SHARE_TOP_GENRES,Top genres,Топ жанров
PROFILE_SHARE_WRAPPED_BRAND,RHYTHMFALL WRAPPED,RHYTHMFALL WRAPPED
PROFILE_SHARE_WRAPPED_MUSIC,Your music profile,Ваш музыкальный профиль
PROFILE_SHARE_WRAPPED_OVERVIEW,Your year in music,Ваш год в музыке
PROFILE_SHARE_WRAPPED_RECORDS,Your achievements & records,Ваши достижения и рекорды
PROFILE_SHARE_WRAPPED_STATISTICS,Your statistics,Ваша статистика
PROFILE_LEVEL_SHORT,Lv.%d,Ур.%d
PROFILE_DAYS_FMT,%d days,%d дн.
PROFILE_SHARE_BPM_FMT,%d BPM,%d BPM
PROFILE_SHARE_SEC_OVERVIEW_EXTRA,Highlights,Сводка
PROFILE_SHARE_WRAPPED_TAGLINE,Keep pushing your limits.,Продолжай бить рекорды.

HELP_SHOWCASE_MODES_TITLE,Chart goal,Цель генерации
HELP_SHOWCASE_MODES_CAPTION,"Choose Original (close to the audio) or Arcade (playable, grid-friendly).","Выбери Оригинал (ближе к аудио) или Аркаду (играбельно, к сетке)."
HELP_SHOWCASE_MODE_MINIMAL,Minimal,Минимал
HELP_SHOWCASE_MODE_MINIMAL_TIP,Low density and strong grid snap — dry readable pattern.,Низкая плотность и жёсткая сетка — сухой читаемый паттерн.
HELP_SHOWCASE_MODE_BASIC,Basic,Базовый
HELP_SHOWCASE_MODE_BASIC_TIP,Balanced defaults for most tracks.,Сбалансированные значения для большинства треков.
HELP_SHOWCASE_MODE_ENHANCED,Enhanced,Усложнённый
HELP_SHOWCASE_MODE_ENHANCED_TIP,Higher fill and density — busier chart.,Выше заполнение и плотность — насыщеннее чарт.
HELP_SHOWCASE_MODE_NATURAL,Natural,Натуральный
HELP_SHOWCASE_MODE_NATURAL_TIP,Light grid and genre template — closer to the track's natural rhythm.,Слабая сетка и жанровый шаблон — ближе к естественному ритму трека.
HELP_SHOWCASE_MODE_CUSTOM,Custom,Пользовательский
HELP_SHOWCASE_MODE_CUSTOM_TIP,All sliders manual; pairs with generation presets (10 slots).,Все слайдеры вручную; работает с пресетами генерации (10 слотов).
HELP_SHOWCASE_PTABS_TITLE,Profile tabs,Вкладки профиля
HELP_SHOWCASE_PTABS_CAPTION,Four tabs — the game remembers the last one you opened.,Четыре вкладки — игра запоминает последнюю открытую.
HELP_SHOWCASE_PTAB_OVERVIEW,Overview,Обзор
HELP_SHOWCASE_PTAB_OVERVIEW_TIP,Level XP medals and Rhythm Rating at a glance.,Уровень XP медали и Rhythm Rating компактно.
HELP_SHOWCASE_PTAB_STATS,Statistics,Статистика
HELP_SHOWCASE_PTAB_STATS_TIP,Accuracy hits grades and charts over time.,Точность попадания оценки и графики.
HELP_SHOWCASE_PTAB_GENRES,Musical profile,Музыкальный профиль
HELP_SHOWCASE_PTAB_GENRES_TIP,15 genre collections and mastery levels.,15 коллекций жанров и уровни мастерства.
HELP_SHOWCASE_PTAB_RECORDS,Achievements & records,Достижения и рекорды
HELP_SHOWCASE_PTAB_RECORDS_TIP,Best scores streaks and personal records.,Лучшие оценки серии и личные рекорды.
HELP_SHOWCASE_ACH_TITLE,Achievement categories,Категории достижений
HELP_SHOWCASE_ACH_CAPTION,128 achievements across five groups — autoplay does not count for mod goals.,128 достижений в пяти группах — автопилот не засчитывается в цели по модам.
HELP_SHOWCASE_ACH_MODS,Modifiers,Модификаторы
HELP_SHOWCASE_ACH_MODS_TIP,Runs with specific modifier sets and counts.,Забеги с определёнными наборами модов.
HELP_SHOWCASE_ACH_MEDALS,Medals,Медали
HELP_SHOWCASE_ACH_MEDALS_TIP,Track medal collection thresholds.,Пороги по собранным медалям треков.
HELP_SHOWCASE_ACH_HARD,Hard charts,Сложные чарты
HELP_SHOWCASE_ACH_HARD_TIP,High chart difficulty and modifier challenges.,Высокая сложность чарта и челленджи с модами.
HELP_SHOWCASE_ACH_GENRES,Genre mastery,Мастерство жанров
HELP_SHOWCASE_ACH_GENRES_TIP,Progress across genre collections.,Прогресс по коллекциям жанров.
HELP_SHOWCASE_ACH_RR,Rhythm Rating,Rhythm Rating
HELP_SHOWCASE_ACH_RR_TIP,RR milestones from your best chart configs.,Вехи RR по лучшим конфигурациям чартов.
HELP_SHOWCASE_DAILY_TITLE,Daily quests,Ежедневные задания
HELP_SHOWCASE_DAILY_CAPTION,Three random quests per day — currency reward on each completion.,Три случайных квеста в день — валюта за каждый выполненный.
HELP_SHOWCASE_DAILY_COMBO,Combo goals,Цели по комбо
HELP_SHOWCASE_DAILY_COMBO_TIP,Hit combo targets during runs.,Набрать комбо в забегах.
HELP_SHOWCASE_DAILY_PLAY,Play songs,Сыграть песни
HELP_SHOWCASE_DAILY_PLAY_TIP,Complete a set number of tracks.,Пройти заданное число треков.
HELP_SHOWCASE_DAILY_REWARD,Instant reward,Мгновенная награда
HELP_SHOWCASE_DAILY_REWARD_TIP,Currency credited immediately — check the main menu.,Валюта сразу — смотрите в главном меню.
HELP_SHOWCASE_STEMS_TITLE,Stem separation,Разделение на стемы
HELP_SHOWCASE_STEMS_CAPTION,Server splits the mix before beat analysis — drums isolated for sharper timing.,Сервер делит микс перед анализом — ударные отдельно для точнее тайминга.
HELP_SHOWCASE_STEM_MIX,Full mix,Полный микс
HELP_SHOWCASE_STEM_MIX_TIP,Original stereo track from your library.,Исходный стереотрек из библиотеки.
HELP_SHOWCASE_STEM_SPLIT,Demucs split,Разделение Demucs
HELP_SHOWCASE_STEM_SPLIT_TIP,AI separates drums from the mix on the server.,ИИ отделяет ударные от микса на сервере.
HELP_SHOWCASE_STEM_DRUMS,Drum stem,Стем ударных
HELP_SHOWCASE_STEM_DRUMS_TIP,Used for BPM beat grid and note placement.,Для BPM сетки и расстановки нот.
HELP_SHOWCASE_SCORING_TITLE,Scoring and combo,Очки и комбо
HELP_SHOWCASE_SCORING_CAPTION,Base points per grade — multiplied by the current combo factor.,Базовые очки за оценку — умножаются на текущий множитель комбо.
HELP_SHOWCASE_SCORE_PERFECT,PERFECT,ИДЕАЛЬНО
HELP_SHOWCASE_SCORE_GOOD,GOOD,ХОРОШО
HELP_SHOWCASE_SCORE_MISS,MISS,ПРОМАХ
HELP_SHOWCASE_SCORING_COMBO_TITLE,Combo multiplier (every 10 hits max ×4),Множитель комбо (каждые 10 попаданий макс. ×4)
HELP_SHOWCASE_RR_TITLE,Rhythm Rating (RR),Rhythm Rating (RR)
HELP_SHOWCASE_RR_CAPTION,Integer score per run — profile shows the sum of your best RR per chart config.,Целое число за забег — в профиле сумма лучших RR по каждой конфигурации чарта.
HELP_SHOWCASE_RR_FOOTER,Depends on accuracy grade chart difficulty full combo and modifiers — not the decimal chart rating.,Зависит от точности оценки сложности чарта комбо и модов — это не десятичный рейтинг сложности.
HELP_SHOWCASE_HP_TITLE,Health bar,Полоска HP
HELP_SHOWCASE_HP_CAPTION,Misses drain HP; good hits restore a little. At 0 — fail (unless No Fail / Last Chance).,Промахи снимают HP; попадания немного восстанавливают. При 0 — поражение (если нет No Fail / Last Chance).
HELP_SHOWCASE_HP_FULL,Full HP,Полное HP
HELP_SHOWCASE_HP_HIT,After misses,После промахов
HELP_SHOWCASE_HP_ZERO,0 HP — fail,0 HP — поражение
HELP_SHOWCASE_HIT_TITLE,Hit timing windows,Окна попадания
HELP_SHOWCASE_HIT_CAPTION,Vertical line = exact beat; colored zones = scoring windows.,Вертикальная линия = точный удар; цветные зоны = окна оценки.
HELP_SHOWCASE_HIT_PERFECT,PERFECT,ИДЕАЛЬНО
HELP_SHOWCASE_HIT_GOOD,GOOD,ХОРОШО
HELP_SHOWCASE_KEYS_TITLE,Menu hotkeys,Горячие клавиши меню
HELP_SHOWCASE_KEYS_CAPTION,Quick reference — each screen has more keys; see the full list in the article below.,Краткая шпаргалка — на каждом экране клавиш больше; полный список в тексте статьи ниже.
HELP_SHOWCASE_KEYS_LIBRARY,Song list,Список песен
HELP_SHOWCASE_KEYS_GEN,Gen settings,Настройки генерации
HELP_SHOWCASE_KEYS_MODS,Modifiers,Модификаторы
HELP_SHOWCASE_KEYS_MENU,Main menu,Главное меню
HELP_SHOWCASE_KEYS_SETTINGS,Settings,Настройки
HELP_SHOWCASE_KEYS_PROFILE,Profile,Профиль
HELP_SHOWCASE_KEYS_PAUSE,Pause / results,Пауза / результаты
HELP_SHOWCASE_KEYS_FOOTER,Enter Shift+R Z F1 etc. — details in the article text below.,Enter Shift+R Z F1 и др. — подробности в тексте статьи ниже.
HELP_SHOWCASE_SPEED_TITLE,Note scroll speed,Скорость движения нот
HELP_SHOWCASE_SPEED_CAPTION,Separate from BPM — set in Settings → Graphics (typically 6–20).,Отдельно от BPM — в Настройки → Графика (обычно 6–20).
HELP_SHOWCASE_SPEED_SLOW,Slow scroll,Медленный скролл
HELP_SHOWCASE_SPEED_FAST,Fast scroll,Быстрый скролл
